date,team,opponent,is_home,xg,xgot,xa,possession_pct,total_shots,shots_on_target,shots_off_target,blocked_shots,shots_inside_box,shots_outside_box,big_chances,corners,passes,long_passes,final_third_passes,crosses,fouls,tackles,duels_won,clearances,interceptions,goalkeeper_saves,xgot_faced,goals_prevented,pass_accuracy
2023-02-04,Algeria,Senegal,1,,,,52.0,17.0,3.0,8.0,6.0,,,,15.0,441.0,,,,17.0,,,,,1.0,,,74.37641723356009
2025-12-09,Algeria,Iraq,1,1.85,1.67,1.15,69.0,14.0,5.0,7.0,2.0,10.0,4.0,4.0,6.0,700.0,52.0,216.0,14.0,14.0,20.0,52.0,15.0,5.0,1.0,0.05,0.05,92.85714285714286
2022-12-18,Argentina,France,1,,,,54.0,21.0,9.0,9.0,3.0,,,,6.0,648.0,,,,26.0,,,,,2.0,,,83.9506172839506
2022-03-29,Armenia,Norway,1,,,,71.0,24.0,10.0,9.0,5.0,,,,10.0,741.0,,,,7.0,,,,,0.0,,,91.76788124156545
2022-11-22,Australia,France,1,,,,62.0,22.0,7.0,9.0,6.0,,,,8.0,734.0,,,,5.0,,,,,0.0,,,91.55313351498637
2022-06-10,Austria,France,1,,,,35.0,5.0,4.0,1.0,0.0,,,,3.0,333.0,,,,10.0,,,,,6.0,,,83.78378378378379
2022-09-22,Austria,France,1,,,,59.0,22.0,6.0,8.0,8.0,,,,4.0,681.0,,,,4.0,,,,,0.0,,,88.83994126284875
2024-06-17,Austria,France,1,0.59,,,51.0,7.0,3.0,3.0,1.0,,,,6.0,525.0,,,,18.0,,,,,2.0,,,86.28571428571429
2024-09-09,Austria,Norway,1,0.88,,,45.0,6.0,4.0,2.0,0.0,,,,5.0,402.0,,,,6.0,,,,,2.0,,,85.3233830845771
2024-10-13,Austria,Norway,1,2.28,,,66.0,16.0,10.0,6.0,0.0,,,,3.0,573.0,,,,8.0,,,,8.0,0.0,,,87.78359511343804
2025-10-10,Azerbaijan,France,1,2.4,2.14,2.38,77.0,33.0,9.0,13.0,11.0,23.0,10.0,2.0,10.0,717.0,31.0,328.0,29.0,8.0,9.0,59.0,7.0,4.0,0.0,0.0,0.0,90.5160390516039
2025-11-16,Azerbaijan,France,1,0.15,0.16,0.26,26.0,2.0,1.0,1.0,0.0,2.0,0.0,1.0,1.0,221.0,37.0,65.0,3.0,10.0,24.0,48.0,23.0,8.0,2.0,2.09,0.09,66.9683257918552
2021-12-03,Bahrain,Iraq,1,,,,54.0,13.0,4.0,4.0,5.0,,,,8.0,397.0,,,,10.0,,,,,6.0,,,78.58942065491183
2024-12-25,Bahrain,Iraq,1,,,,47.0,7.0,4.0,3.0,,,,,2.0,,,,,7.0,,,,,3.0,,,
2025-12-03,Bahrain,Iraq,1,1.26,1.62,0.81,43.0,10.0,5.0,2.0,3.0,5.0,5.0,3.0,1.0,361.0,71.0,76.0,10.0,15.0,18.0,62.0,29.0,8.0,0.0,0.83,-0.17,77.28531855955679
2021-10-07,Belgium,France,1,,,,48.0,11.0,6.0,3.0,2.0,,,,4.0,663.0,,,,8.0,,,,,3.0,,,91.55354449472097
2024-07-01,Belgium,France,1,1.36,,,52.0,20.0,2.0,16.0,2.0,,,,5.0,623.0,,,,7.0,,,,,2.0,,,92.93739967897271
2024-09-09,Belgium,France,1,2.7,,,45.0,25.0,9.0,10.0,6.0,,,,5.0,449.0,,,,8.0,,,,,4.0,,,87.97327394209354
2024-10-14,Belgium,France,1,2.69,,,46.0,20.0,7.0,8.0,5.0,,,,9.0,365.0,,,,10.0,,,,10.0,2.0,,,84.65753424657534
2022-06-04,Benin,Senegal,1,,,,61.0,24.0,10.0,11.0,3.0,,,,7.0,527.0,,,,10.0,,,,,1.0,,,86.52751423149905
2023-06-17,Benin,Senegal,1,,,,43.0,6.0,1.0,5.0,,,,,3.0,,,,,16.0,,,,,0.0,,,
2024-03-26,Benin,Senegal,1,,,,68.0,6.0,2.0,4.0,,,,,3.0,,,,,,,,,,1.0,,,
2025-12-30,Benin,Senegal,1,0.76,0.62,0.5,49.0,7.0,4.0,3.0,0.0,4.0,3.0,1.0,4.0,398.0,52.0,52.0,13.0,20.0,14.0,44.0,19.0,12.0,3.0,2.93,-0.07,82.41206030150754
2021-03-31,Bosnia Herzegovina,France,1,,,,44.0,4.0,2.0,1.0,1.0,,,,4.0,439.0,,,,12.0,,,,,1.0,,,84.51025056947609
2021-09-01,Bosnia Herzegovina,France,1,,,,56.0,10.0,1.0,6.0,3.0,,,,4.0,610.0,,,,10.0,,,,,1.0,,,89.01639344262296
2025-12-23,Botswana,Senegal,1,3.67,3.72,2.86,68.0,28.0,17.0,6.0,5.0,21.0,7.0,9.0,7.0,641.0,23.0,245.0,28.0,16.0,12.0,41.0,14.0,6.0,0.0,0.0,0.0,90.79563182527302
2023-06-20,Brazil,Senegal,1,,,,63.0,12.0,4.0,5.0,3.0,,,,3.0,,,,,13.0,,,,,3.0,,,
2025-11-15,Brazil,Senegal,1,1.67,2.17,1.37,47.0,14.0,6.0,4.0,4.0,11.0,3.0,2.0,7.0,338.0,32.0,102.0,14.0,15.0,17.0,46.0,22.0,6.0,1.0,0.04,0.04,85.20710059171599
2021-06-08,Bulgaria,France,1,,,,63.0,26.0,10.0,10.0,6.0,,,,11.0,686.0,,,,11.0,,,,,0.0,,,88.33819241982506
2022-02-02,Burkina Faso,Senegal,1,,,,48.0,10.0,3.0,4.0,3.0,,,,7.0,345.0,,,,15.0,,,,,4.0,,,79.13043478260869
2024-09-06,Burkina Faso,Senegal,1,,,,53.0,6.0,2.0,2.0,2.0,,,,0.0,446.0,,,,20.0,,,,20.0,3.0,,,83.40807174887892
2024-11-14,Burkina Faso,Senegal,1,,,,34.0,14.0,5.0,9.0,0.0,,,,6.0,259.0,,,,14.0,,,,14.0,5.0,,,66.79536679536679
2024-09-09,Burundi,Senegal,1,,,,32.0,2.0,1.0,1.0,0.0,,,,2.0,203.0,,,,15.0,,,,15.0,7.0,,,61.57635467980296
2024-11-19,Burundi,Senegal,1,,,,64.0,25.0,11.0,6.0,8.0,,,,13.0,585.0,,,,19.0,,,,19.0,1.0,,,90.08547008547009
2023-10-16,Cameroon,Senegal,1,,,,54.0,10.0,3.0,6.0,1.0,,,,4.0,,,,,10.0,,,,,2.0,,,
2024-01-19,Cameroon,Senegal,1,1.22,,,47.0,6.0,3.0,1.0,2.0,,,,8.0,335.0,,,,14.0,,,,14.0,0.0,,,76.71641791044776
2024-06-09,Canada,France,1,1.27,,,50.0,13.0,4.0,6.0,3.0,,,,7.0,540.0,,,,18.0,,,,,0.0,,,89.25925925925927
2021-06-08,Cape Verde,Senegal,1,,,,50.0,11.0,6.0,5.0,,,,,4.0,,,,,12.0,,,,,0.0,,,
2022-01-25,Cape Verde,Senegal,1,,,,64.0,16.0,4.0,7.0,5.0,,,,10.0,387.0,,,,12.0,,,,,1.0,,,83.20413436692506
2024-03-26,Chile,France,1,1.92,,,56.0,14.0,4.0,7.0,3.0,,,,3.0,652.0,,,,10.0,,,,,2.0,,,93.25153374233128
2023-06-16,Colombia,Iraq,1,,,,67.0,7.0,1.0,4.0,2.0,,,,3.0,,,,,10.0,,,,,1.0,,,
2021-03-26,Congo,Senegal,1,,,,53.0,5.0,1.0,4.0,,,,,3.0,,,,,,,,,,0.0,,,
2021-11-14,Congo,Senegal,1,,,,57.0,14.0,7.0,7.0,,,,,6.0,,,,,,,,,,2.0,,,
2025-08-12,Congo,Senegal,1,1.2,0.93,1.36,64.0,11.0,4.0,3.0,4.0,8.0,3.0,2.0,6.0,447.0,81.0,125.0,21.0,21.0,15.0,74.0,14.0,8.0,2.0,0.73,-0.27,74.72035794183445
2022-03-25,Cote d Ivoire,France,0,,,,48.0,9.0,4.0,3.0,2.0,,,,5.0,519.0,,,,20.0,,,,,4.0,,,86.89788053949904
2023-01-14,Cote d Ivoire,Senegal,1,,,,48.0,12.0,3.0,6.0,3.0,,,,5.0,354.0,,,,16.0,,,,,4.0,,,69.2090395480226
2024-01-29,Cote d Ivoire,Senegal,1,1.0,,,43.0,13.0,4.0,7.0,2.0,,,,6.0,434.0,,,,25.0,,,,25.0,3.0,,,78.3410138248848
2022-06-06,Croatia,France,1,,,,50.0,9.0,5.0,4.0,0.0,,,,4.0,574.0,,,,9.0,,,,,4.0,,,91.63763066202091
2022-06-13,Croatia,France,1,,,,52.0,18.0,5.0,6.0,7.0,,,,7.0,623.0,,,,12.0,,,,,2.0,,,89.08507223113965
2025-03-20,Croatia,France,1,1.43,2.28,0.57,38.0,8.0,4.0,2.0,2.0,7.0,1.0,2.0,3.0,369.0,61.0,72.0,9.0,12.0,21.0,51.0,22.0,13.0,6.0,1.33,1.33,80.75880758807588
2025-03-23,Croatia,France,1,2.61,1.77,2.86,62.0,28.0,8.0,14.0,6.0,23.0,5.0,5.0,16.0,863.0,39.0,310.0,48.0,14.0,16.0,81.0,10.0,9.0,0.0,0.0,0.0,90.15063731170336
2023-06-20,Cyprus,Norway,1,3.05,,,65.0,17.0,6.0,5.0,6.0,,,,8.0,673.0,,,,11.0,,,,,2.0,,,91.08469539375929
2023-10-12,Cyprus,Norway,1,0.06,,,32.0,2.0,0.0,2.0,0.0,,,,1.0,309.0,,,,3.0,,,,,5.0,,,75.40453074433657
2024-03-22,Czechia,Norway,1,1.07,,,62.0,9.0,3.0,5.0,1.0,,,,4.0,537.0,,,,13.0,,,,,3.0,,,84.35754189944134
2023-01-22,D R Congo,Senegal,1,,,,51.0,15.0,5.0,8.0,2.0,,,,8.0,349.0,,,,16.0,,,,,4.0,,,72.49283667621776
2024-06-06,D R Congo,Senegal,1,,,,52.0,10.0,5.0,5.0,0.0,,,,2.0,,,,,11.0,,,,,1.0,,,
2025-09-09,D R Congo,Senegal,1,,,,48.0,7.0,4.0,3.0,,,,,5.0,,,,,12.0,,,,,3.0,,,
2025-12-27,D R Congo,Senegal,1,2.01,1.53,0.72,64.0,11.0,3.0,6.0,2.0,7.0,4.0,3.0,5.0,506.0,47.0,156.0,21.0,18.0,14.0,46.0,14.0,7.0,2.0,1.5,0.5,86.7588932806324
2022-06-03,Denmark,France,1,,,,58.0,18.0,6.0,7.0,5.0,,,,2.0,710.0,,,,8.0,,,,,3.0,,,91.40845070422536
2022-09-25,Denmark,France,1,,,,49.0,17.0,8.0,3.0,6.0,,,,13.0,474.0,,,,9.0,,,,,7.0,,,86.70886075949366
2022-11-26,Denmark,France,1,,,,49.0,21.0,6.0,8.0,7.0,,,,6.0,503.0,,,,4.0,,,,,1.0,,,86.87872763419483
2024-06-08,Denmark,Norway,1,1.02,,,39.0,11.0,6.0,2.0,3.0,,,,4.0,446.0,,,,9.0,,,,,2.0,,,86.99551569506725
2022-11-12,Ecuador,Iraq,1,,,,74.0,12.0,4.0,5.0,3.0,,,,13.0,537.0,,,,21.0,,,,,1.0,,,86.59217877094973
2022-11-29,Ecuador,Senegal,1,,,,61.0,8.0,4.0,3.0,1.0,,,,3.0,432.0,,,,23.0,,,,,3.0,,,81.71296296296296
2022-02-06,Egypt,Senegal,1,,,,57.0,13.0,8.0,5.0,0.0,,,,3.0,535.0,,,,23.0,,,,,3.0,,,81.30841121495327
2022-03-25,Egypt,Senegal,1,,,,45.0,6.0,2.0,4.0,,,,,4.0,,,,,,,,,,1.0,,,
2022-03-29,Egypt,Senegal,1,,,,59.0,26.0,10.0,16.0,,,,,10.0,,,,,,,,,,1.0,,,
2022-12-04,England,Senegal,1,,,,61.0,8.0,4.0,4.0,0.0,,,,3.0,597.0,,,,16.0,,,,,2.0,,,87.60469011725294
2022-12-10,England,France,1,,,,57.0,14.0,6.0,4.0,4.0,,,,5.0,508.0,,,,10.0,,,,,3.0,,,89.1732283464567
2025-06-10,England,Senegal,1,1.38,1.8,0.81,61.0,9.0,4.0,4.0,1.0,6.0,1.0,3.0,5.0,556.0,35.0,89.0,12.0,12.0,11.0,41.0,19.0,4.0,6.0,2.82,-0.18,91.72661870503596
2022-01-30,Equatorial Guinea,Senegal,1,,,,44.0,11.0,5.0,4.0,2.0,,,,4.0,315.0,,,,23.0,,,,,1.0,,,78.41269841269842
2025-06-09,Estonia,Norway,1,0.23,0.2,0.16,38.0,7.0,2.0,2.0,3.0,3.0,4.0,0.0,2.0,355.0,53.0,75.0,14.0,7.0,12.0,43.0,22.0,16.0,2.0,1.09,0.09,82.25352112676056
2025-11-13,Estonia,Norway,1,2.03,3.49,2.06,68.0,18.0,7.0,5.0,6.0,15.0,3.0,6.0,8.0,661.0,29.0,192.0,28.0,9.0,10.0,56.0,14.0,3.0,2.0,1.25,0.25,90.92284417549168
2021-07-16,Eswatini,Senegal,1,,,,54.0,12.0,10.0,2.0,,,,,3.0,,,,,,,,,,2.0,,,
2022-07-13,Eswatini,Senegal,1,,,,51.0,7.0,6.0,1.0,,,,,0.0,,,,,,,,,,3.0,,,
2023-11-16,Faroe Islands,Norway,1,,,,68.0,18.0,8.0,7.0,3.0,,,,8.0,723.0,,,,6.0,,,,,0.0,,,88.38174273858921
2021-09-07,Finland,France,1,,,,64.0,20.0,5.0,9.0,6.0,,,,9.0,766.0,,,,7.0,,,,,0.0,,,93.86422976501305
2021-11-16,Finland,France,1,,,,46.0,8.0,1.0,5.0,2.0,,,,6.0,503.0,,,,3.0,,,,,3.0,,,83.49900596421472
2022-11-20,Finland,Norway,1,,,,55.0,15.0,7.0,2.0,6.0,,,,5.0,589.0,,,,9.0,,,,,2.0,,,85.73853989813243
2025-09-04,Finland,Norway,1,1.72,1.25,1.33,57.0,14.0,2.0,6.0,6.0,11.0,3.0,2.0,9.0,569.0,42.0,228.0,30.0,13.0,7.0,35.0,6.0,3.0,1.0,0.03,0.03,92.09138840070298
2021-03-24,France,Ukraine,1,,,,62.0,18.0,3.0,9.0,6.0,,,,12.0,829.0,,,,17.0,,,,,0.0,,,90.83232810615199
2021-03-28,France,Kazakhstan,1,,,,36.0,3.0,0.0,2.0,1.0,,,,0.0,418.0,,,,13.0,,,,,7.0,,,82.05741626794259
2021-03-31,France,Bosnia Herzegovina,0,,,,56.0,13.0,2.0,7.0,4.0,,,,8.0,558.0,,,,10.0,,,,,2.0,,,87.99283154121864
2021-06-02,France,Wales,1,,,,70.0,23.0,12.0,4.0,7.0,,,,9.0,836.0,,,,13.0,,,,,2.0,,,0.0
2021-06-08,France,Bulgaria,0,,,,37.0,1.0,0.0,1.0,0.0,,,,2.0,290.0,,,,8.0,,,,,7.0,,,76.89655172413794
2021-06-15,France,Germany,1,,,,41.0,4.0,1.0,2.0,1.0,,,,3.0,438.0,,,,7.0,,,,,1.0,,,84.70319634703196
2021-06-19,France,Hungary,1,,,,39.0,5.0,3.0,1.0,1.0,,,,1.0,347.0,,,,17.0,,,,,3.0,,,80.69164265129683
2021-06-23,France,Portugal,1,,,,49.0,10.0,5.0,5.0,0.0,,,,0.0,552.0,,,,9.0,,,,,3.0,,,90.57971014492753
2021-06-28,France,Switzerland,1,,,,53.0,26.0,8.0,13.0,5.0,,,,8.0,681.0,,,,14.0,,,,,2.0,,,88.39941262848751
2021-09-01,France,Bosnia Herzegovina,0,,,,44.0,6.0,2.0,4.0,0.0,,,,6.0,506.0,,,,6.0,,,,,0.0,,,84.38735177865613
2021-09-04,France,Ukraine,1,,,,42.0,9.0,3.0,6.0,0.0,,,,3.0,417.0,,,,9.0,,,,,4.0,,,87.76978417266187
2021-09-07,France,Finland,0,,,,36.0,3.0,0.0,1.0,2.0,,,,4.0,426.0,,,,10.0,,,,,3.0,,,86.3849765258216
2021-10-07,France,Belgium,0,,,,52.0,16.0,6.0,7.0,3.0,,,,2.0,636.0,,,,6.0,,,,,4.0,,,90.72327044025157
2021-10-10,France,Spain,1,,,,60.0,12.0,4.0,4.0,4.0,,,,7.0,632.0,,,,11.0,,,,,3.0,,,84.81012658227847
2021-11-13,France,Kazakhstan,1,,,,66.0,20.0,14.0,3.0,3.0,,,,6.0,719.0,,,,13.0,,,,,3.0,,,92.07232267037551
2021-11-16,France,Finland,0,,,,54.0,8.0,5.0,3.0,0.0,,,,1.0,553.0,,,,4.0,,,,,1.0,,,86.98010849909585
2022-03-25,France,Cote d Ivoire,1,,,,52.0,13.0,6.0,4.0,3.0,,,,6.0,531.0,,,,16.0,,,,,3.0,,,87.75894538606404
2022-03-29,France,South Africa,1,,,,59.0,27.0,16.0,10.0,1.0,,,,6.0,700.0,,,,15.0,,,,,1.0,,,90.85714285714286
2022-06-03,France,Denmark,0,,,,42.0,8.0,5.0,3.0,0.0,,,,2.0,457.0,,,,8.0,,,,,5.0,,,84.24507658643327
2022-06-06,France,Croatia,0,,,,50.0,7.0,5.0,1.0,1.0,,,,6.0,595.0,,,,8.0,,,,,4.0,,,89.41176470588236
2022-06-10,France,Austria,0,,,,65.0,15.0,7.0,4.0,4.0,,,,10.0,676.0,,,,6.0,,,,,3.0,,,89.79289940828401
2022-06-13,France,Croatia,0,,,,48.0,4.0,3.0,0.0,1.0,,,,3.0,538.0,,,,10.0,,,,,5.0,,,89.77695167286245
2022-09-22,France,Austria,0,,,,41.0,4.0,0.0,1.0,3.0,,,,1.0,450.0,,,,14.0,,,,,4.0,,,82.88888888888889
2022-09-25,France,Denmark,0,,,,51.0,17.0,7.0,5.0,5.0,,,,11.0,540.0,,,,6.0,,,,,6.0,,,85.0
2022-11-22,France,Australia,0,,,,38.0,4.0,1.0,3.0,0.0,,,,1.0,466.0,,,,11.0,,,,,3.0,,,85.62231759656652
2022-11-26,France,Denmark,0,,,,51.0,10.0,2.0,6.0,2.0,,,,4.0,537.0,,,,9.0,,,,,4.0,,,88.08193668528864
2022-11-30,France,Tunisia,1,,,,34.0,5.0,3.0,2.0,0.0,,,,7.0,328.0,,,,14.0,,,,,3.0,,,81.09756097560977
2022-12-04,France,Poland,1,,,,55.0,16.0,7.0,7.0,2.0,,,,7.0,540.0,,,,10.0,,,,,2.0,,,89.07407407407408
2022-12-10,France,England,0,,,,43.0,9.0,5.0,3.0,1.0,,,,2.0,369.0,,,,14.0,,,,,5.0,,,84.01084010840108
2022-12-14,France,Morocco,1,,,,39.0,14.0,2.0,8.0,4.0,,,,2.0,358.0,,,,11.0,,,,,1.0,,,85.75418994413407
2022-12-18,France,Argentina,0,,,,46.0,10.0,5.0,3.0,2.0,,,,5.0,516.0,,,,19.0,,,,,6.0,,,81.2015503875969
2023-03-24,France,Netherlands,1,1.71,,,45.0,12.0,8.0,3.0,1.0,,,,3.0,259.0,,,,12.0,,,,,5.0,,,91.8918918918919
2023-03-27,France,Ireland,1,0.51,,,39.0,11.0,2.0,3.0,6.0,,,,8.0,358.0,,,,18.0,,,,,2.0,,,80.72625698324022
2023-06-16,France,Gibraltar,1,0.05,,,29.0,3.0,0.0,3.0,0.0,,,,2.0,191.0,,,,4.0,,,,,6.0,,,64.3979057591623
2023-06-19,France,Greece,1,2.28,,,59.0,19.0,5.0,7.0,7.0,,,,4.0,706.0,,,,9.0,,,,,2.0,,,90.79320113314448
2023-09-07,France,Ireland,1,1.87,,,65.0,25.0,5.0,10.0,10.0,,,,6.0,771.0,,,,11.0,,,,,2.0,,,91.05058365758755
2023-09-12,France,Germany,1,,,,50.0,6.0,2.0,2.0,2.0,,,,0.0,581.0,,,,12.0,,,,,5.0,,,86.57487091222032
2023-10-13,France,Netherlands,1,0.63,,,45.0,8.0,4.0,3.0,1.0,,,,2.0,484.0,,,,14.0,,,,,5.0,,,85.9504132231405
2023-10-17,France,Scotland,1,,,,54.0,17.0,8.0,5.0,4.0,,,,2.0,,,,,13.0,,,,,3.0,,,
2023-11-18,France,Gibraltar,1,6.59,,,66.0,39.0,19.0,14.0,6.0,,,,7.0,633.0,,,,10.0,,,,,0.0,,,91.78515007898895
2023-11-21,France,Greece,1,0.47,,,38.0,8.0,2.0,3.0,3.0,,,,2.0,348.0,,,,5.0,,,,,5.0,,,84.48275862068965
2024-03-23,France,Germany,1,0.83,,,44.0,10.0,2.0,8.0,0.0,,,,2.0,503.0,,,,8.0,,,,,4.0,,,87.47514910536779
2024-03-26,France,Chile,0,0.74,,,44.0,9.0,4.0,3.0,2.0,,,,4.0,448.0,,,,14.0,,,,,1.0,,,90.17857142857143
2024-06-05,France,Luxembourg,1,1.6,,,53.0,22.0,7.0,9.0,6.0,,,,10.0,634.0,,,,6.0,,,,,1.0,,,89.90536277602523
2024-06-09,France,Canada,0,0.4,,,50.0,8.0,0.0,4.0,4.0,,,,1.0,524.0,,,,7.0,,,,,4.0,,,88.74045801526718
2024-06-17,France,Austria,0,2.09,,,49.0,14.0,3.0,6.0,5.0,,,,2.0,492.0,,,,10.0,,,,,3.0,,,85.36585365853658
2024-06-21,France,Netherlands,1,0.39,,,42.0,8.0,4.0,0.0,4.0,,,,3.0,397.0,,,,13.0,,,,,3.0,,,89.16876574307305
2024-06-25,France,Poland,1,2.41,,,56.0,19.0,8.0,3.0,8.0,,,,11.0,552.0,,,,12.0,,,,,2.0,,,89.67391304347827
2024-07-01,France,Belgium,0,0.26,,,48.0,6.0,2.0,0.0,4.0,,,,2.0,495.0,,,,10.0,,,,,1.0,,,89.0909090909091
2024-07-05,France,Portugal,1,1.68,,,63.0,15.0,4.0,5.0,6.0,,,,11.0,878.0,,,,8.0,,,,,5.0,,,93.96355353075171
2024-07-09,France,Spain,1,0.62,,,58.0,6.0,2.0,2.0,2.0,,,,4.0,513.0,,,,9.0,,,,,2.0,,,88.88888888888889
2024-09-06,France,Italy,1,0.79,,,51.0,11.0,3.0,4.0,4.0,,,,2.0,603.0,,,,12.0,,,,,3.0,,,88.22553897180762
2024-09-09,France,Belgium,0,0.82,,,55.0,9.0,4.0,4.0,1.0,,,,7.0,507.0,,,,10.0,,,,,7.0,,,89.3491124260355
2024-10-10,France,Israel,1,0.09,,,32.0,1.0,1.0,0.0,0.0,,,,0.0,334.0,,,,8.0,,,,8.0,1.0,,,82.03592814371258
2024-10-14,France,Belgium,0,1.49,,,54.0,14.0,4.0,6.0,4.0,,,,4.0,433.0,,,,14.0,,,,9.0,6.0,,,87.29792147806005
2024-11-14,France,Israel,1,2.22,,,70.0,24.0,8.0,9.0,7.0,17.0,7.0,4.0,8.0,745.0,,350.0,30.0,9.0,23.0,,0.0,7.0,1.0,,,90.33557046979865
2024-11-17,France,Italy,1,0.66,,,54.0,10.0,4.0,4.0,2.0,6.0,4.0,1.0,3.0,567.0,,164.0,23.0,20.0,21.0,,10.0,6.0,1.0,,,87.83068783068782
2025-03-20,France,Croatia,0,1.49,1.33,1.53,62.0,16.0,6.0,6.0,4.0,13.0,3.0,1.0,9.0,597.0,36.0,183.0,26.0,12.0,18.0,50.0,15.0,4.0,2.0,2.28,0.28,88.60971524288107
2025-03-23,France,Croatia,0,0.18,0.0,0.19,38.0,5.0,0.0,2.0,3.0,2.0,3.0,0.0,0.0,557.0,63.0,79.0,7.0,24.0,34.0,64.0,40.0,14.0,6.0,1.77,-0.23,81.86714542190305
2025-06-05,France,Spain,1,2.91,3.27,1.33,43.0,16.0,8.0,0.0,8.0,15.0,1.0,5.0,4.0,393.0,43.0,71.0,7.0,17.0,24.0,44.0,13.0,6.0,5.0,2.91,-0.09,82.44274809160305
2025-06-08,France,Germany,1,2.55,1.59,2.11,56.0,20.0,6.0,7.0,7.0,16.0,4.0,4.0,9.0,484.0,25.0,151.0,27.0,11.0,18.0,38.0,12.0,11.0,7.0,3.26,1.26,90.08264462809917
2025-09-05,France,Ukraine,1,1.34,0.33,0.42,44.0,8.0,3.0,4.0,1.0,6.0,2.0,4.0,4.0,409.0,43.0,74.0,16.0,10.0,20.0,38.0,19.0,6.0,4.0,2.94,0.94,86.3080684596577
2025-09-09,France,Iceland,1,3.0,3.03,2.11,63.0,20.0,8.0,8.0,4.0,13.0,7.0,7.0,3.0,623.0,48.0,269.0,17.0,12.0,14.0,44.0,7.0,3.0,1.0,0.42,-0.58,89.8876404494382
2025-10-10,France,Azerbaijan,0,0.04,0.0,0.07,23.0,1.0,0.0,1.0,0.0,1.0,0.0,0.0,0.0,222.0,58.0,34.0,3.0,14.0,27.0,49.0,35.0,8.0,6.0,2.14,-0.86,66.66666666666666
2025-10-13,France,Iceland,1,1.11,1.71,0.4,30.0,4.0,2.0,1.0,1.0,4.0,0.0,3.0,0.0,317.0,48.0,56.0,4.0,16.0,13.0,41.0,49.0,10.0,6.0,2.6,0.6,77.91798107255521
2025-11-13,France,Ukraine,1,3.81,4.43,2.72,71.0,25.0,10.0,8.0,7.0,11.0,14.0,8.0,7.0,718.0,27.0,325.0,13.0,9.0,10.0,40.0,8.0,8.0,0.0,0.0,0.0,92.33983286908078
2025-11-16,France,Azerbaijan,0,2.7,2.09,3.63,74.0,17.0,4.0,5.0,8.0,12.0,5.0,6.0,8.0,610.0,37.0,195.0,23.0,12.0,18.0,57.0,9.0,7.0,0.0,0.16,-0.84,90.0
2026-06-16,France,Senegal,1,1.78,2.06,1.53,53.0,11.0,8.0,1.0,2.0,7.0,4.0,4.0,6.0,575.0,46.0,123.0,9.0,5.0,19.0,43.0,14.0,7.0,2.0,0.17,-0.83,87.82608695652175
2024-03-22,Gabon,Senegal,1,,,,64.0,9.0,3.0,6.0,,,,,8.0,,,,,,,,,,0.0,,,
2024-01-15,Gambia,Senegal,1,1.35,,,69.0,14.0,6.0,8.0,,,,,6.0,,,,,17.0,,,,,2.0,,,
2023-03-28,Georgia,Norway,1,1.26,,,38.0,15.0,3.0,5.0,7.0,,,,3.0,357.0,,,,6.0,,,,,4.0,,,78.15126050420169
2023-09-12,Georgia,Norway,1,0.82,,,63.0,16.0,4.0,7.0,5.0,,,,6.0,670.0,,,,5.0,,,,,1.0,,,90.44776119402985
2021-06-15,Germany,France,0,,,,59.0,10.0,1.0,6.0,3.0,,,,5.0,725.0,,,,10.0,,,,,0.0,,,88.96551724137932
2023-09-12,Germany,France,0,,,,50.0,11.0,6.0,4.0,1.0,,,,5.0,561.0,,,,11.0,,,,,0.0,,,91.0873440285205
2024-03-23,Germany,France,0,1.13,,,56.0,15.0,6.0,6.0,3.0,,,,5.0,693.0,,,,10.0,,,,,2.0,,,89.8989898989899
2025-06-08,Germany,France,0,2.35,3.26,1.0,44.0,16.0,9.0,5.0,2.0,13.0,3.0,1.0,6.0,389.0,50.0,95.0,11.0,7.0,17.0,42.0,26.0,7.0,6.0,1.59,1.59,85.34704370179949
2021-03-24,Gibraltar,Norway,1,,,,23.0,1.0,0.0,0.0,1.0,,,,1.0,144.0,,,,15.0,,,,,10.0,,,56.25
2021-09-07,Gibraltar,Norway,1,,,,67.0,43.0,14.0,16.0,13.0,,,,12.0,622.0,,,,5.0,,,,,1.0,,,86.33440514469454
2023-06-16,Gibraltar,France,0,3.79,,,71.0,32.0,9.0,15.0,8.0,,,,11.0,849.0,,,,6.0,,,,,0.0,,,91.28386336866903
2023-11-18,Gibraltar,France,0,0.0,,,34.0,0.0,0.0,0.0,0.0,,,,0.0,248.0,,,,5.0,,,,,5.0,,,71.37096774193549
2021-06-06,Greece,Norway,1,,,,53.0,11.0,5.0,2.0,4.0,,,,10.0,564.0,,,,18.0,,,,,0.0,,,83.68794326241135
2023-06-19,Greece,France,0,0.21,,,41.0,6.0,2.0,1.0,3.0,,,,3.0,426.0,,,,10.0,,,,,4.0,,,80.75117370892019
2023-11-21,Greece,France,0,1.77,,,62.0,14.0,7.0,5.0,2.0,,,,9.0,705.0,,,,11.0,,,,,0.0,,,90.2127659574468
2022-01-14,Guinea,Senegal,1,,,,49.0,10.0,2.0,4.0,4.0,,,,7.0,237.0,,,,14.0,,,,,1.0,,,67.08860759493672
2024-01-23,Guinea,Senegal,1,0.53,,,51.0,4.0,1.0,2.0,1.0,,,,0.0,395.0,,,,16.0,,,,16.0,0.0,,,81.0126582278481
2021-06-11,Hong Kong,Iraq,1,,,,30.0,1.0,0.0,1.0,,,,,0.0,,,,,,,,,,1.0,,,
2021-06-19,Hungary,France,0,,,,61.0,15.0,4.0,9.0,2.0,,,,3.0,672.0,,,,15.0,,,,,2.0,,,89.13690476190477
2025-09-09,Iceland,France,0,0.67,0.42,0.24,37.0,7.0,2.0,4.0,1.0,3.0,4.0,1.0,2.0,366.0,53.0,94.0,7.0,13.0,22.0,49.0,34.0,6.0,6.0,3.03,1.03,81.9672131147541
2025-10-13,Iceland,France,0,1.97,2.6,1.8,70.0,20.0,9.0,8.0,3.0,13.0,7.0,5.0,9.0,717.0,41.0,252.0,44.0,12.0,6.0,42.0,13.0,9.0,0.0,1.71,-0.29,91.21338912133892
2023-11-16,Indonesia,Iraq,1,,,,69.0,7.0,5.0,2.0,0.0,,,,6.0,,,,,8.0,,,,,0.0,,,
2024-01-15,Indonesia,Iraq,1,1.16,,,34.0,8.0,1.0,5.0,2.0,,,,4.0,314.0,,,,13.0,,,,13.0,2.0,,,70.70063694267516
2024-06-06,Indonesia,Iraq,1,0.37,,,54.0,9.0,1.0,2.0,6.0,,,,8.0,389.0,,,,13.0,,,,,0.0,,,78.40616966580977
2025-10-11,Indonesia,Iraq,1,0.27,0.65,0.1,45.0,7.0,2.0,4.0,1.0,3.0,4.0,0.0,3.0,298.0,52.0,91.0,13.0,6.0,10.0,53.0,20.0,2.0,1.0,0.03,0.03,73.48993288590604
2021-06-15,Iran,Iraq,1,,,,52.0,5.0,4.0,1.0,,,,,2.0,,,,,,,,,,2.0,,,
2021-09-07,Iran,Iraq,1,,,,52.0,2.0,1.0,1.0,0.0,,,,0.0,408.0,,,,15.0,,,,,3.0,,,79.41176470588235
2022-01-27,Iran,Iraq,1,,,,57.0,21.0,9.0,10.0,2.0,,,,10.0,409.0,,,,18.0,,,,,3.0,,,80.68459657701712
2021-01-12,Iraq,United Arab Emirates,1,,,,58.0,5.0,3.0,2.0,0.0,,,,3.0,,,,,9.0,,,,,0.0,,,
2021-03-29,Iraq,Uzbekistan,1,,,,61.0,13.0,5.0,8.0,,,,,3.0,,,,,8.0,,,,,2.0,,,
2021-06-11,Iraq,Hong Kong,0,,,,70.0,13.0,2.0,11.0,,,,,14.0,,,,,,,,,,0.0,,,
2021-06-15,Iraq,Iran,0,,,,48.0,6.0,2.0,4.0,,,,,4.0,,,,,,,,,,3.0,,,
2021-09-02,Iraq,South Korea,1,,,,68.0,15.0,5.0,7.0,3.0,,,,11.0,529.0,,,,11.0,,,,,0.0,,,7.561436672967864
2021-09-07,Iraq,Iran,0,,,,48.0,12.0,6.0,4.0,2.0,,,,0.0,390.0,,,,16.0,,,,,1.0,,,79.48717948717949
2021-10-07,Iraq,Lebanon,1,,,,59.0,12.0,1.0,5.0,6.0,,,,4.0,395.0,,,,19.0,,,,,4.0,,,73.9240506329114
2021-10-12,Iraq,United Arab Emirates,1,,,,65.0,8.0,4.0,2.0,2.0,,,,2.0,608.0,,,,9.0,,,,,1.0,,,86.18421052631578
2021-11-11,Iraq,Syria,1,,,,51.0,13.0,5.0,5.0,3.0,,,,4.0,418.0,,,,19.0,,,,,2.0,,,77.75119617224881
2021-11-16,Iraq,South Korea,1,,,,34.0,6.0,2.0,2.0,2.0,,,,2.0,353.0,,,,10.0,,,,,4.0,,,75.92067988668555
2021-11-30,Iraq,Oman,1,,,,43.0,12.0,2.0,7.0,3.0,,,,3.0,304.0,,,,15.0,,,,,3.0,,,73.02631578947368
2021-12-03,Iraq,Bahrain,0,,,,46.0,12.0,6.0,2.0,4.0,,,,3.0,333.0,,,,15.0,,,,,4.0,,,74.47447447447448
2021-12-06,Iraq,Qatar,1,,,,60.0,17.0,6.0,6.0,5.0,,,,4.0,548.0,,,,9.0,,,,,4.0,,,85.40145985401459
2022-01-27,Iraq,Iran,0,,,,43.0,10.0,3.0,3.0,4.0,,,,5.0,312.0,,,,17.0,,,,,8.0,,,73.3974358974359
2022-02-01,Iraq,Lebanon,1,,,,54.0,11.0,5.0,2.0,4.0,,,,7.0,336.0,,,,9.0,,,,,2.0,,,68.45238095238095
2022-03-24,Iraq,United Arab Emirates,1,,,,39.0,10.0,1.0,7.0,2.0,,,,5.0,284.0,,,,16.0,,,,,3.0,,,69.36619718309859
2022-03-29,Iraq,Syria,1,,,,39.0,8.0,1.0,5.0,2.0,,,,3.0,269.0,,,,8.0,,,,,5.0,,,58.7360594795539
2022-11-09,Iraq,Mexico,1,,,,73.0,19.0,6.0,9.0,4.0,,,,6.0,826.0,,,,11.0,,,,,0.0,,,92.7360774818402
2022-11-12,Iraq,Ecuador,0,,,,26.0,3.0,1.0,1.0,1.0,,,,1.0,203.0,,,,10.0,,,,,4.0,,,67.98029556650246
2023-01-19,Iraq,Oman,1,,,,38.0,15.0,4.0,6.0,5.0,,,,5.0,410.0,,,,17.0,,,,,4.0,,,65.1219512195122
2023-06-16,Iraq,Colombia,0,,,,33.0,2.0,1.0,1.0,0.0,,,,2.0,,,,,11.0,,,,,0.0,,,
2023-11-16,Iraq,Indonesia,0,,,,31.0,2.0,1.0,1.0,0.0,,,,3.0,,,,,6.0,,,,,0.0,,,
2023-11-21,Iraq,Vietnam,1,,,,44.0,0.0,0.0,0.0,,,,,2.0,,,,,10.0,,,,,6.0,,,
2024-01-15,Iraq,Indonesia,0,3.34,,,66.0,15.0,5.0,8.0,2.0,,,,4.0,592.0,,,,4.0,,,,12.0,0.0,,,85.6418918918919
2024-01-19,Iraq,Japan,1,0.66,,,27.0,8.0,3.0,5.0,0.0,,,,1.0,232.0,,,,11.0,,,,11.0,1.0,,,59.48275862068966
2024-01-24,Iraq,Vietnam,1,2.6,,,63.0,22.0,4.0,11.0,7.0,,,,5.0,555.0,,,,15.0,,,,15.0,2.0,,,88.46846846846846
2024-01-29,Iraq,Jordan,1,0.49,,,57.0,14.0,5.0,6.0,3.0,,,,8.0,425.0,,,,4.0,,,,4.0,5.0,,,78.82352941176471
2024-03-21,Iraq,Philippines,1,,,,85.0,17.0,5.0,7.0,5.0,,,,7.0,,,,,2.0,,,,,0.0,,,
2024-03-26,Iraq,Philippines,1,,,,35.0,7.0,1.0,4.0,2.0,,,,2.0,,,,,7.0,,,,,2.0,,,
2024-06-06,Iraq,Indonesia,0,2.68,,,46.0,11.0,2.0,6.0,3.0,,,,3.0,324.0,,,,9.0,,,,,1.0,,,79.01234567901234
2024-06-11,Iraq,Vietnam,1,,,,61.0,13.0,9.0,4.0,,,,,3.0,,,,,16.0,,,,,3.0,,,
2024-09-05,Iraq,Oman,1,,,,47.0,7.0,3.0,4.0,0.0,,,,2.0,332.0,,,,18.0,,,,,6.0,,,84.33734939759037
2024-09-10,Iraq,Kuwait,1,,,,59.0,7.0,2.0,4.0,1.0,,,,0.0,548.0,,,,15.0,,,,,2.0,,,86.86131386861314
2024-10-10,Iraq,Palestine,1,,,,61.0,6.0,2.0,3.0,1.0,,,,7.0,546.0,,,,17.0,,,,17.0,1.0,,,85.16483516483517
2024-10-15,Iraq,South Korea,1,,,,76.0,7.0,3.0,2.0,2.0,,,,1.0,778.0,,,,7.0,,,,7.0,0.0,,,87.01799485861183
2024-11-14,Iraq,Jordan,1,,,,62.0,10.0,2.0,5.0,3.0,,,,3.0,407.0,,,,11.0,,,,11.0,4.0,,,69.04176904176904
2024-11-19,Iraq,Oman,1,,,,56.0,9.0,3.0,3.0,3.0,,,,4.0,535.0,,,,10.0,,,,10.0,2.0,,,79.81308411214954
2024-12-22,Iraq,Yemen,1,,,,76.0,19.0,4.0,15.0,,,,,10.0,,,,,15.0,,,,,0.0,,,
2024-12-25,Iraq,Bahrain,0,,,,53.0,11.0,3.0,8.0,,,,,4.0,,,,,7.0,,,,,2.0,,,
2024-12-28,Iraq,Saudi Arabia,1,,,,47.0,13.0,3.0,10.0,,,,,8.0,,,,,9.0,,,,,2.0,,,
2025-03-20,Iraq,Kuwait,1,1.22,2.16,1.3,62.0,18.0,7.0,8.0,3.0,10.0,8.0,1.0,12.0,443.0,49.0,154.0,42.0,9.0,13.0,50.0,9.0,5.0,0.0,1.81,-0.19,81.03837471783297
2025-03-25,Iraq,Palestine,1,1.72,2.1,0.45,54.0,15.0,5.0,8.0,2.0,10.0,5.0,3.0,11.0,401.0,58.0,97.0,29.0,5.0,23.0,61.0,37.0,5.0,2.0,1.36,0.36,81.79551122194513
2025-06-05,Iraq,South Korea,1,0.28,0.2,0.09,24.0,5.0,2.0,3.0,0.0,2.0,3.0,1.0,1.0,223.0,44.0,53.0,4.0,8.0,15.0,46.0,25.0,11.0,5.0,1.91,-0.09,64.12556053811659
2025-06-10,Iraq,Jordan,1,0.61,0.1,0.72,41.0,9.0,0.0,7.0,2.0,7.0,2.0,2.0,4.0,293.0,59.0,86.0,21.0,13.0,15.0,40.0,21.0,6.0,3.0,1.15,0.1,77.81569965870307
2025-10-11,Iraq,Indonesia,0,0.69,0.03,0.93,55.0,9.0,1.0,5.0,3.0,5.0,4.0,1.0,4.0,367.0,68.0,93.0,14.0,18.0,18.0,40.0,21.0,12.0,1.0,0.65,-0.35,79.01907356948229
2025-10-14,Iraq,Saudi Arabia,1,0.69,1.17,0.79,62.0,15.0,4.0,8.0,3.0,8.0,7.0,2.0,0.0,502.0,69.0,196.0,15.0,13.0,19.0,69.0,35.0,6.0,1.0,0.2,0.2,84.06374501992032
2025-11-13,Iraq,United Arab Emirates,1,1.33,0.57,1.5,51.0,19.0,4.0,8.0,7.0,12.0,7.0,1.0,9.0,367.0,53.0,102.0,24.0,9.0,19.0,47.0,27.0,6.0,4.0,0.89,-0.11,81.74386920980926
2025-11-18,Iraq,United Arab Emirates,1,1.45,0.93,0.73,50.0,10.0,2.0,4.0,4.0,6.0,4.0,3.0,4.0,353.0,57.0,84.0,25.0,8.0,12.0,50.0,24.0,4.0,3.0,1.21,0.21,80.16997167138811
2025-12-03,Iraq,Bahrain,0,1.14,0.83,0.67,57.0,11.0,1.0,3.0,7.0,5.0,6.0,1.0,6.0,468.0,50.0,124.0,20.0,17.0,15.0,52.0,21.0,8.0,3.0,1.62,0.62,82.05128205128204
2025-12-06,Iraq,Sudan,1,0.59,0.01,0.44,49.0,12.0,1.0,9.0,2.0,7.0,5.0,2.0,3.0,346.0,60.0,73.0,17.0,14.0,12.0,43.0,17.0,12.0,2.0,1.41,-0.59,74.85549132947978
2025-12-09,Iraq,Algeria,0,0.29,0.05,0.13,31.0,5.0,1.0,0.0,4.0,3.0,2.0,1.0,1.0,305.0,49.0,36.0,8.0,7.0,15.0,44.0,27.0,7.0,4.0,1.67,0.67,80.0
2025-12-12,Iraq,Jordan,1,1.04,1.15,0.16,30.0,6.0,4.0,0.0,2.0,4.0,2.0,1.0,2.0,233.0,45.0,69.0,12.0,10.0,20.0,54.0,56.0,11.0,3.0,0.29,0.29,72.1030042918455
2026-06-16,Iraq,Norway,1,0.8,0.6,0.81,39.0,11.0,1.0,8.0,2.0,8.0,3.0,1.0,2.0,334.0,53.0,75.0,13.0,12.0,19.0,52.0,21.0,5.0,2.0,2.65,-0.35,81.1377245508982
2022-11-17,Ireland,Norway,1,,,,54.0,10.0,5.0,2.0,3.0,,,,6.0,568.0,,,,11.0,,,,,1.0,,,85.2112676056338
2023-03-27,Ireland,France,0,0.88,,,61.0,10.0,3.0,3.0,4.0,,,,2.0,661.0,,,,11.0,,,,,2.0,,,89.25869894099849
2023-09-07,Ireland,France,0,0.67,,,35.0,6.0,2.0,2.0,2.0,,,,2.0,352.0,,,,9.0,,,,,3.0,,,82.67045454545455
2025-06-06,Ireland,Senegal,1,,,,43.0,8.0,3.0,2.0,3.0,,,,8.0,386.0,,,,12.0,,,12.0,,2.0,,,81.34715025906736
2024-10-10,Israel,France,0,1.32,,,68.0,15.0,5.0,6.0,4.0,,,,9.0,700.0,,,,11.0,,,,4.0,0.0,,,91.0
2024-11-14,Israel,France,0,0.05,,,30.0,3.0,1.0,2.0,0.0,1.0,2.0,1.0,0.0,322.0,,30.0,1.0,9.0,23.0,,36.0,8.0,8.0,,,75.46583850931677
2025-03-25,Israel,Norway,1,0.61,1.68,0.34,44.0,10.0,6.0,4.0,0.0,6.0,4.0,0.0,2.0,468.0,46.0,97.0,1.0,7.0,24.0,42.0,29.0,3.0,8.0,5.13,1.13,88.88888888888889
2025-10-11,Israel,Norway,1,2.26,1.58,1.87,54.0,16.0,5.0,6.0,5.0,12.0,4.0,5.0,5.0,475.0,29.0,112.0,17.0,10.0,8.0,38.0,3.0,7.0,1.0,0.02,0.02,89.89473684210526
2024-09-06,Italy,France,0,2.12,,,49.0,11.0,6.0,3.0,2.0,,,,5.0,516.0,,,,9.0,,,,,2.0,,,85.85271317829456
2024-11-17,Italy,France,0,0.39,,,46.0,6.0,4.0,1.0,1.0,3.0,3.0,1.0,3.0,493.0,,89.0,10.0,13.0,16.0,,21.0,9.0,3.0,,,87.62677484787018
2025-06-06,Italy,Norway,1,1.53,1.94,1.07,38.0,8.0,4.0,1.0,3.0,5.0,3.0,2.0,6.0,355.0,50.0,101.0,11.0,11.0,10.0,34.0,22.0,5.0,1.0,0.45,0.45,85.91549295774648
2025-11-16,Italy,Norway,1,1.3,1.8,1.24,58.0,15.0,4.0,6.0,5.0,9.0,6.0,2.0,6.0,535.0,42.0,134.0,23.0,15.0,10.0,32.0,21.0,3.0,1.0,2.33,-1.67,88.41121495327103
2024-01-19,Japan,Iraq,0,1.59,,,73.0,15.0,2.0,9.0,4.0,,,,13.0,600.0,,,,14.0,,,,9.0,1.0,,,80.83333333333333
2023-09-07,Jordan,Norway,1,,,,61.0,19.0,14.0,3.0,2.0,,,,7.0,689.0,,,,5.0,,,,,2.0,,,88.38896952104498
2024-01-29,Jordan,Iraq,0,2.19,,,43.0,18.0,8.0,7.0,3.0,,,,7.0,329.0,,,,5.0,,,,8.0,3.0,,,67.17325227963525
2024-11-14,Jordan,Iraq,0,,,,38.0,9.0,4.0,3.0,2.0,,,,5.0,283.0,,,,16.0,,,,7.0,2.0,,,66.43109540636041
2025-06-10,Jordan,Iraq,0,0.5,1.15,0.6,59.0,7.0,4.0,3.0,0.0,6.0,1.0,1.0,3.0,438.0,47.0,77.0,14.0,10.0,20.0,48.0,35.0,4.0,0.0,0.0,0.0,82.42009132420091
2025-12-12,Jordan,Iraq,0,1.25,0.29,0.7,70.0,21.0,3.0,7.0,11.0,12.0,9.0,3.0,12.0,528.0,50.0,152.0,55.0,7.0,29.0,63.0,20.0,8.0,3.0,1.15,0.15,84.0909090909091
2021-03-28,Kazakhstan,France,0,,,,64.0,13.0,8.0,1.0,4.0,,,,9.0,701.0,,,,17.0,,,,,0.0,,,88.44507845934379
2021-11-13,Kazakhstan,France,0,,,,34.0,5.0,3.0,1.0,1.0,,,,1.0,371.0,,,,9.0,,,,,6.0,,,83.28840970350404
2024-09-06,Kazakhstan,Norway,1,0.06,,,35.0,4.0,0.0,3.0,1.0,,,,1.0,272.0,,,,12.0,,,,,1.0,,,85.66176470588235
2024-11-17,Kazakhstan,Norway,1,2.23,,,62.0,24.0,9.0,10.0,5.0,16.0,8.0,3.0,11.0,607.0,,158.0,22.0,8.0,16.0,,10.0,11.0,0.0,,,89.9505766062603
2024-06-05,Kosovo,Norway,1,2.16,,,54.0,13.0,7.0,3.0,3.0,,,,4.0,487.0,,,,11.0,,,,,1.0,,,89.3223819301848
2024-09-10,Kuwait,Iraq,0,,,,41.0,10.0,2.0,5.0,3.0,,,,4.0,370.0,,,,7.0,,,,,2.0,,,82.43243243243244
2025-03-20,Kuwait,Iraq,0,1.33,1.81,0.64,38.0,4.0,2.0,2.0,0.0,2.0,2.0,2.0,0.0,290.0,70.0,60.0,4.0,10.0,22.0,55.0,37.0,14.0,5.0,2.16,0.16,70.0
2021-09-04,Latvia,Norway,1,,,,31.0,3.0,2.0,1.0,0.0,,,,3.0,247.0,,,,8.0,,,,,9.0,,,77.32793522267207
2021-11-13,Latvia,Norway,1,,,,71.0,25.0,5.0,13.0,7.0,,,,9.0,638.0,,,,8.0,,,,,2.0,,,86.05015673981191
2021-10-07,Lebanon,Iraq,0,,,,41.0,9.0,4.0,2.0,3.0,,,,5.0,266.0,,,,17.0,,,,,1.0,,,66.16541353383458
2022-02-01,Lebanon,Iraq,0,,,,46.0,16.0,3.0,6.0,7.0,,,,6.0,292.0,,,,15.0,,,,,4.0,,,65.41095890410958
2021-06-02,Luxembourg,Norway,1,,,,60.0,11.0,2.0,7.0,2.0,,,,9.0,637.0,,,,9.0,,,,,0.0,,,87.12715855572999
2024-06-05,Luxembourg,France,0,0.12,,,47.0,3.0,1.0,1.0,1.0,,,,3.0,384.0,,,,9.0,,,,,4.0,,,82.03125
2023-01-31,Madagascar,Senegal,1,,,,43.0,16.0,5.0,8.0,3.0,,,,7.0,343.0,,,,17.0,,,,,0.0,,,70.26239067055393
2021-07-14,Malawi,Senegal,1,,,,59.0,15.0,12.0,3.0,,,,,4.0,,,,,,,,,,0.0,,,
2022-01-18,Malawi,Senegal,1,,,,22.0,10.0,0.0,6.0,4.0,,,,4.0,129.0,,,,18.0,,,,,3.0,,,45.73643410852713
2024-10-11,Malawi,Senegal,1,,,,72.0,24.0,7.0,12.0,5.0,,,,11.0,707.0,,,,7.0,,,,7.0,0.0,,,86.42149929278642
2024-10-15,Malawi,Senegal,1,,,,26.0,8.0,1.0,6.0,1.0,,,,1.0,223.0,,,,20.0,,,,20.0,7.0,,,57.847533632286996
2023-01-27,Mauritania,Senegal,1,,,,38.0,6.0,1.0,5.0,0.0,,,,7.0,215.0,,,,19.0,,,,,3.0,,,54.418604651162795
2024-06-09,Mauritania,Senegal,1,,,,30.0,10.0,5.0,2.0,3.0,,,,1.0,,,,,16.0,,,,,4.0,,,
2025-10-14,Mauritania,Senegal,1,,,,60.0,14.0,12.0,2.0,,,,,2.0,,,,,,,,,,,,,
2022-11-09,Mexico,Iraq,0,,,,27.0,1.0,0.0,0.0,1.0,,,,0.0,299.0,,,,9.0,,,,,2.0,,,76.2541806020067
2025-03-22,Moldova,Norway,1,0.77,0.72,0.25,31.0,10.0,4.0,4.0,2.0,4.0,6.0,2.0,6.0,267.0,38.0,56.0,15.0,10.0,16.0,35.0,37.0,8.0,4.0,4.42,-0.58,79.40074906367042
2025-09-09,Moldova,Norway,1,9.57,9.94,5.9,71.0,34.0,17.0,8.0,9.0,29.0,5.0,17.0,4.0,654.0,23.0,268.0,18.0,6.0,17.0,52.0,12.0,8.0,0.0,0.0,0.0,90.82568807339449
2021-03-30,Montenegro,Norway,1,,,,43.0,11.0,4.0,3.0,4.0,,,,2.0,392.0,,,,13.0,,,,,0.0,,,76.78571428571429
2021-10-11,Montenegro,Norway,1,,,,51.0,11.0,5.0,1.0,5.0,,,,3.0,461.0,,,,11.0,,,,,0.0,,,75.48806941431671
2022-12-14,Morocco,France,0,,,,61.0,13.0,1.0,6.0,6.0,,,,3.0,583.0,,,,11.0,,,,,0.0,,,88.8507718696398
2025-08-26,Morocco,Senegal,1,0.67,0.93,0.6,61.0,12.0,4.0,5.0,3.0,6.0,6.0,0.0,5.0,570.0,81.0,137.0,20.0,13.0,13.0,47.0,18.0,13.0,3.0,1.95,0.95,78.94736842105263
2021-07-09,Mozambique,Senegal,1,,,,53.0,5.0,4.0,1.0,,,,,6.0,,,,,,,,,,1.0,,,
2022-07-17,Mozambique,Senegal,1,,,,47.0,5.0,3.0,2.0,,,,,6.0,,,,,,,,,,3.0,,,
2023-03-24,Mozambique,Senegal,1,,,,58.0,21.0,8.0,7.0,6.0,,,,6.0,538.0,,,,20.0,,,,,3.0,,,88.47583643122677
2023-03-28,Mozambique,Senegal,1,,,,45.0,7.0,2.0,3.0,2.0,,,,8.0,354.0,,,,11.0,,,,,4.0,,,75.98870056497175
2021-07-07,Namibia,Senegal,1,,,,56.0,9.0,3.0,6.0,,,,,10.0,,,,,,,,,,1.0,,,
2021-10-09,Namibia,Senegal,1,,,,53.0,14.0,6.0,8.0,,,,,6.0,,,,,,,,,,0.0,,,
2021-10-12,Namibia,Senegal,1,,,,47.0,5.0,1.0,4.0,,,,,4.0,,,,,,,,,,1.0,,,
2021-09-01,Netherlands,Norway,1,,,,34.0,7.0,2.0,3.0,2.0,,,,3.0,338.0,,,,12.0,,,,,4.0,,,73.37278106508876
2021-11-16,Netherlands,Norway,1,,,,58.0,10.0,5.0,3.0,2.0,,,,1.0,584.0,,,,5.0,,,,,0.0,,,85.61643835616438
2022-11-21,Netherlands,Senegal,1,,,,47.0,14.0,3.0,8.0,3.0,,,,6.0,383.0,,,,13.0,,,,,1.0,,,81.72323759791122
2023-03-24,Netherlands,France,0,1.69,,,55.0,11.0,5.0,3.0,3.0,,,,5.0,319.0,,,,14.0,,,,,4.0,,,89.96865203761756
2023-10-13,Netherlands,France,0,0.78,,,55.0,15.0,7.0,3.0,5.0,,,,3.0,589.0,,,,9.0,,,,,3.0,,,88.11544991511036
2024-06-21,Netherlands,France,0,1.33,,,58.0,16.0,3.0,8.0,5.0,,,,6.0,664.0,,,,8.0,,,,,4.0,,,92.31927710843374
2025-10-14,New Zealand,Norway,1,1.23,1.65,0.95,65.0,23.0,6.0,5.0,12.0,15.0,8.0,2.0,6.0,550.0,58.0,164.0,19.0,11.0,17.0,49.0,21.0,5.0,4.0,1.47,0.47,88.18181818181819
2025-08-05,Nigeria,Senegal,1,0.79,0.99,0.82,42.0,8.0,2.0,5.0,1.0,4.0,3.0,1.0,2.0,287.0,57.0,87.0,11.0,13.0,21.0,80.0,27.0,6.0,1.0,0.01,0.01,70.03484320557492
2021-03-24,Norway,Gibraltar,0,,,,77.0,27.0,13.0,10.0,4.0,,,,14.0,779.0,,,,16.0,,,,,0.0,,,89.21694480102695
2021-03-27,Norway,Turkey,1,,,,58.0,13.0,1.0,8.0,4.0,,,,7.0,619.0,,,,14.0,,,,,0.0,,,87.88368336025847
2021-03-30,Norway,Montenegro,0,,,,57.0,9.0,1.0,6.0,2.0,,,,4.0,553.0,,,,14.0,,,,,4.0,,,84.08679927667269
2021-06-02,Norway,Luxembourg,0,,,,40.0,6.0,0.0,4.0,2.0,,,,3.0,366.0,,,,10.0,,,,,1.0,,,77.3224043715847
2021-06-06,Norway,Greece,0,,,,47.0,6.0,2.0,1.0,3.0,,,,3.0,505.0,,,,12.0,,,,,4.0,,,81.98019801980197
2021-09-01,Norway,Netherlands,0,,,,66.0,16.0,5.0,7.0,4.0,,,,4.0,646.0,,,,11.0,,,,,1.0,,,87.46130030959752
2021-09-04,Norway,Latvia,0,,,,69.0,24.0,11.0,7.0,6.0,,,,9.0,615.0,,,,10.0,,,,,2.0,,,88.9430894308943
2021-09-07,Norway,Gibraltar,0,,,,33.0,4.0,2.0,1.0,1.0,,,,1.0,232.0,,,,6.0,,,,,9.0,,,66.8103448275862
2021-10-08,Norway,Turkey,1,,,,52.0,11.0,2.0,8.0,1.0,,,,3.0,518.0,,,,7.0,,,,,1.0,,,81.66023166023166
2021-10-11,Norway,Montenegro,0,,,,49.0,9.0,0.0,6.0,3.0,,,,4.0,439.0,,,,9.0,,,,,3.0,,,76.99316628701595
2021-11-13,Norway,Latvia,0,,,,29.0,6.0,2.0,2.0,2.0,,,,3.0,225.0,,,,7.0,,,,,5.0,,,68.44444444444444
2021-11-16,Norway,Netherlands,0,,,,42.0,2.0,0.0,2.0,0.0,,,,2.0,318.0,,,,17.0,,,,,3.0,,,76.72955974842768
2022-03-25,Norway,Slovakia,1,,,,51.0,21.0,10.0,6.0,5.0,,,,5.0,478.0,,,,22.0,,,,,2.0,,,84.72803347280335
2022-03-29,Norway,Armenia,0,,,,29.0,1.0,0.0,1.0,0.0,,,,2.0,162.0,,,,17.0,,,,,2.0,,,67.90123456790124
2022-06-02,Norway,Serbia,1,,,,66.0,13.0,5.0,2.0,6.0,,,,12.0,610.0,,,,10.0,,,,,1.0,,,88.68852459016394
2022-06-05,Norway,Sweden,1,,,,62.0,13.0,3.0,5.0,5.0,,,,10.0,553.0,,,,8.0,,,,,6.0,,,86.79927667269439
2022-06-09,Norway,Slovenia,1,,,,56.0,18.0,5.0,9.0,4.0,,,,10.0,589.0,,,,5.0,,,,,3.0,,,84.38030560271646
2022-06-12,Norway,Sweden,1,,,,54.0,10.0,5.0,4.0,1.0,,,,4.0,471.0,,,,16.0,,,,,2.0,,,82.80254777070064
2022-09-24,Norway,Slovenia,1,,,,42.0,10.0,5.0,5.0,0.0,,,,6.0,337.0,,,,15.0,,,,,4.0,,,76.8545994065282
2022-09-27,Norway,Serbia,1,,,,49.0,10.0,3.0,4.0,3.0,,,,9.0,461.0,,,,9.0,,,,,3.0,,,79.60954446854663
2022-11-17,Norway,Ireland,0,,,,46.0,11.0,3.0,5.0,3.0,,,,2.0,444.0,,,,9.0,,,,,4.0,,,84.23423423423422
2022-11-20,Norway,Finland,0,,,,45.0,6.0,3.0,2.0,1.0,,,,5.0,471.0,,,,12.0,,,,,6.0,,,83.65180467091295
2023-03-25,Norway,Spain,1,1.71,,,64.0,12.0,7.0,2.0,3.0,,,,4.0,673.0,,,,8.0,,,,,1.0,,,90.34175334323923
2023-03-28,Norway,Georgia,0,2.01,,,62.0,16.0,5.0,8.0,3.0,,,,3.0,678.0,,,,7.0,,,,,2.0,,,87.31563421828909
2023-06-17,Norway,Scotland,1,1.93,,,56.0,10.0,3.0,4.0,3.0,,,,2.0,541.0,,,,9.0,,,,,1.0,,,89.09426987060998
2023-06-20,Norway,Cyprus,0,0.35,,,35.0,9.0,3.0,4.0,2.0,,,,4.0,350.0,,,,9.0,,,,,3.0,,,80.28571428571428
2023-09-07,Norway,Jordan,0,,,,39.0,10.0,2.0,5.0,3.0,,,,1.0,371.0,,,,9.0,,,,,8.0,,,82.47978436657682
2023-09-12,Norway,Georgia,0,0.59,,,37.0,7.0,2.0,2.0,3.0,,,,0.0,415.0,,,,6.0,,,,,2.0,,,84.09638554216868
2023-10-12,Norway,Cyprus,0,1.85,,,68.0,22.0,9.0,8.0,5.0,,,,6.0,798.0,,,,9.0,,,,,0.0,,,92.23057644110276
2023-10-15,Norway,Spain,1,0.47,,,36.0,5.0,3.0,1.0,1.0,,,,3.0,361.0,,,,11.0,,,,,1.0,,,79.50138504155125
2023-11-16,Norway,Faroe Islands,0,,,,32.0,4.0,0.0,2.0,2.0,,,,0.0,327.0,,,,13.0,,,,,6.0,,,75.84097859327217
2023-11-19,Norway,Scotland,1,1.15,,,46.0,9.0,2.0,3.0,4.0,,,,6.0,446.0,,,,14.0,,,,,3.0,,,85.20179372197309
2024-03-22,Norway,Czechia,0,1.38,,,38.0,13.0,5.0,3.0,5.0,,,,5.0,355.0,,,,11.0,,,,,2.0,,,80.28169014084507
2024-03-26,Norway,Slovakia,1,2.66,,,59.0,19.0,5.0,7.0,7.0,,,,10.0,537.0,,,,13.0,,,,,1.0,,,89.01303538175046
2024-06-05,Norway,Kosovo,0,0.34,,,46.0,9.0,1.0,5.0,3.0,,,,2.0,451.0,,,,9.0,,,,,4.0,,,84.92239467849224
2024-06-08,Norway,Denmark,0,0.99,,,61.0,7.0,3.0,3.0,1.0,,,,6.0,568.0,,,,11.0,,,,,3.0,,,90.49295774647888
2024-09-06,Norway,Kazakhstan,0,1.69,,,65.0,19.0,1.0,8.0,10.0,,,,12.0,659.0,,,,9.0,,,,,0.0,,,88.46737481031866
2024-09-09,Norway,Austria,0,0.88,,,55.0,8.0,3.0,3.0,2.0,,,,1.0,520.0,,,,8.0,,,,,2.0,,,85.57692307692307
2024-10-10,Norway,Slovenia,1,2.33,,,53.0,25.0,14.0,6.0,5.0,,,,4.0,486.0,,,,5.0,,,,5.0,2.0,,,84.36213991769547
2024-10-13,Norway,Austria,0,0.8,,,34.0,8.0,1.0,7.0,0.0,,,,1.0,298.0,,,,8.0,,,,9.0,5.0,,,77.18120805369128
2024-11-14,Norway,Slovenia,1,1.56,,,43.0,8.0,3.0,3.0,2.0,7.0,1.0,3.0,0.0,454.0,,84.0,6.0,12.0,14.0,,14.0,10.0,3.0,,,80.1762114537445
2024-11-17,Norway,Kazakhstan,0,0.3,,,38.0,8.0,0.0,2.0,6.0,5.0,3.0,0.0,3.0,368.0,,76.0,12.0,16.0,28.0,,29.0,13.0,4.0,,,83.15217391304348
2025-03-22,Norway,Moldova,0,2.95,4.42,1.99,69.0,24.0,8.0,6.0,10.0,17.0,7.0,6.0,6.0,622.0,35.0,157.0,25.0,9.0,5.0,37.0,17.0,2.0,4.0,0.72,0.72,90.83601286173634
2025-03-25,Norway,Israel,0,3.96,5.13,2.63,56.0,23.0,12.0,5.0,6.0,20.0,3.0,7.0,7.0,568.0,24.0,203.0,20.0,9.0,11.0,33.0,8.0,6.0,4.0,1.68,-0.32,92.6056338028169
2025-06-06,Norway,Italy,0,0.38,0.45,0.58,62.0,6.0,1.0,2.0,3.0,3.0,3.0,0.0,2.0,585.0,35.0,168.0,18.0,10.0,17.0,42.0,16.0,8.0,1.0,1.94,-1.06,89.91452991452992
2025-06-09,Norway,Estonia,0,2.98,1.09,1.76,62.0,19.0,3.0,10.0,6.0,15.0,4.0,2.0,2.0,587.0,38.0,172.0,20.0,9.0,15.0,51.0,10.0,10.0,2.0,0.2,0.2,87.22316865417376
2025-09-04,Norway,Finland,0,0.19,0.03,0.31,43.0,3.0,1.0,1.0,1.0,2.0,1.0,0.0,0.0,445.0,48.0,72.0,3.0,13.0,17.0,43.0,33.0,4.0,1.0,1.25,0.25,86.74157303370787
2025-09-09,Norway,Moldova,0,0.09,0.0,0.16,29.0,2.0,0.0,1.0,1.0,2.0,0.0,0.0,1.0,270.0,45.0,65.0,6.0,10.0,19.0,37.0,25.0,6.0,6.0,9.94,-0.06,76.66666666666667
2025-10-11,Norway,Israel,0,0.15,0.02,0.23,46.0,4.0,1.0,2.0,1.0,1.0,3.0,0.0,1.0,408.0,44.0,84.0,2.0,11.0,12.0,32.0,19.0,6.0,2.0,1.58,-1.42,86.51960784313727
2025-10-14,Norway,New Zealand,0,1.46,1.47,0.88,35.0,9.0,5.0,3.0,1.0,6.0,3.0,4.0,3.0,291.0,39.0,59.0,16.0,13.0,13.0,33.0,22.0,6.0,5.0,1.65,0.65,80.41237113402062
2025-11-13,Norway,Estonia,0,0.71,1.25,0.1,32.0,6.0,3.0,1.0,2.0,4.0,2.0,1.0,0.0,320.0,41.0,63.0,3.0,17.0,20.0,45.0,27.0,6.0,3.0,3.49,-0.51,79.0625
2025-11-16,Norway,Italy,0,1.59,2.33,1.07,42.0,13.0,5.0,8.0,0.0,8.0,5.0,3.0,2.0,394.0,57.0,91.0,10.0,8.0,9.0,49.0,19.0,6.0,3.0,1.8,0.8,84.51776649746193
2026-06-16,Norway,Iraq,0,2.52,2.65,1.52,61.0,12.0,5.0,4.0,3.0,11.0,1.0,5.0,5.0,537.0,42.0,99.0,17.0,13.0,15.0,48.0,22.0,2.0,0.0,0.6,-0.4,88.8268156424581
2021-11-30,Oman,Iraq,0,,,,57.0,10.0,4.0,3.0,3.0,,,,3.0,407.0,,,,11.0,,,,,1.0,,,73.71007371007371
2023-01-19,Oman,Iraq,0,,,,62.0,12.0,6.0,3.0,3.0,,,,3.0,675.0,,,,14.0,,,,,1.0,,,79.25925925925927
2024-09-05,Oman,Iraq,0,,,,53.0,12.0,6.0,5.0,1.0,,,,7.0,459.0,,,,2.0,,,,,2.0,,,81.91721132897604
2024-11-19,Oman,Iraq,0,,,,44.0,5.0,3.0,2.0,0.0,,,,3.0,392.0,,,,28.0,,,,9.0,3.0,,,76.0204081632653
2024-10-10,Palestine,Iraq,0,,,,39.0,4.0,1.0,0.0,3.0,,,,2.0,361.0,,,,12.0,,,,3.0,1.0,,,77.8393351800554
2025-03-25,Palestine,Iraq,0,0.69,1.36,0.56,46.0,13.0,3.0,4.0,6.0,10.0,3.0,1.0,9.0,352.0,83.0,106.0,19.0,13.0,12.0,43.0,19.0,9.0,3.0,2.1,0.1,75.2840909090909
2024-03-21,Philippines,Iraq,0,,,,15.0,1.0,0.0,0.0,1.0,,,,0.0,,,,,8.0,,,,,4.0,,,
2024-03-26,Philippines,Iraq,0,,,,65.0,17.0,7.0,3.0,7.0,,,,7.0,,,,,7.0,,,,,1.0,,,
2022-12-04,Poland,France,0,,,,45.0,11.0,3.0,5.0,3.0,,,,1.0,466.0,,,,8.0,,,,,4.0,,,83.90557939914163
2024-06-25,Poland,France,0,1.2,,,44.0,10.0,3.0,5.0,2.0,,,,3.0,413.0,,,,15.0,,,,,7.0,,,86.19854721549636
2021-06-23,Portugal,France,0,,,,51.0,11.0,5.0,5.0,1.0,,,,1.0,594.0,,,,15.0,,,,,3.0,,,93.43434343434343
2024-07-05,Portugal,France,0,0.92,,,37.0,20.0,5.0,9.0,6.0,,,,4.0,588.0,,,,13.0,,,,,4.0,,,92.3469387755102
2021-12-06,Qatar,Iraq,0,,,,40.0,10.0,4.0,5.0,1.0,,,,3.0,366.0,,,,8.0,,,,,3.0,,,79.50819672131148
2022-11-25,Qatar,Senegal,1,,,,45.0,10.0,2.0,7.0,1.0,,,,6.0,424.0,,,,7.0,,,,,1.0,,,83.25471698113208
2022-06-07,Rwanda,Senegal,1,,,,26.0,3.0,0.0,2.0,1.0,,,,0.0,186.0,,,,12.0,,,,,4.0,,,60.215053763440864
2023-09-09,Rwanda,Senegal,1,,,,43.0,3.0,2.0,1.0,,,,,3.0,,,,,13.0,,,,,1.0,,,
2024-12-28,Saudi Arabia,Iraq,0,,,,53.0,9.0,5.0,4.0,,,,,7.0,,,,,7.0,,,,,2.0,,,
2025-10-14,Saudi Arabia,Iraq,0,0.27,0.2,0.14,38.0,4.0,1.0,0.0,3.0,2.0,2.0,1.0,1.0,306.0,53.0,71.0,12.0,13.0,21.0,46.0,36.0,8.0,4.0,1.17,1.17,73.8562091503268
2023-06-17,Scotland,Norway,0,0.52,,,44.0,5.0,3.0,0.0,2.0,,,,3.0,375.0,,,,12.0,,,,,2.0,,,85.06666666666666
2023-10-17,Scotland,France,0,,,,46.0,6.0,4.0,2.0,0.0,,,,1.0,,,,,23.0,,,,,4.0,,,
2023-11-19,Scotland,Norway,0,2.43,,,54.0,13.0,6.0,4.0,3.0,,,,4.0,455.0,,,,20.0,,,,,0.0,,,85.05494505494505
2021-03-26,Senegal,Congo,0,,,,47.0,5.0,0.0,5.0,,,,,1.0,,,,,,,,,,1.0,,,
2021-06-05,Senegal,Zambia,1,,,,52.0,8.0,3.0,5.0,0.0,,,,4.0,,,,,18.0,,,,,0.0,,,
2021-06-08,Senegal,Cape Verde,0,,,,50.0,2.0,0.0,2.0,,,,,2.0,,,,,12.0,,,,,4.0,,,
2021-07-07,Senegal,Namibia,0,,,,44.0,4.0,3.0,1.0,,,,,4.0,,,,,,,,,,2.0,,,
2021-07-09,Senegal,Mozambique,0,,,,47.0,2.0,1.0,1.0,,,,,6.0,,,,,,,,,,3.0,,,
2021-07-13,Senegal,Zimbabwe,1,,,,44.0,16.0,5.0,11.0,,,,,5.0,,,,,,,,,,1.0,,,
2021-07-14,Senegal,Malawi,0,,,,41.0,6.0,1.0,5.0,,,,,2.0,,,,,,,,,,10.0,,,
2021-07-16,Senegal,Eswatini,0,,,,46.0,5.0,4.0,1.0,,,,,2.0,,,,,,,,,,8.0,,,
2021-07-18,Senegal,South Africa,1,,,,45.0,14.0,9.0,5.0,,,,,3.0,,,,,,,,,,8.0,,,
2021-09-01,Senegal,Togo,1,,,,62.0,18.0,8.0,10.0,,,,,6.0,,,,,13.0,,,,,1.0,,,
2021-10-09,Senegal,Namibia,0,,,,47.0,7.0,1.0,6.0,,,,,4.0,,,,,,,,,,2.0,,,
2021-10-12,Senegal,Namibia,0,,,,53.0,4.0,4.0,0.0,,,,,4.0,,,,,,,,,,0.0,,,
2021-11-11,Senegal,Togo,1,,,,53.0,13.0,4.0,9.0,,,,,4.0,,,,,,,,,,5.0,,,
2021-11-14,Senegal,Congo,0,,,,43.0,5.0,2.0,3.0,,,,,2.0,,,,,,,,,,5.0,,,
2022-01-10,Senegal,Zimbabwe,1,,,,61.0,16.0,3.0,9.0,4.0,,,,4.0,478.0,,,,9.0,,,,,2.0,,,83.47280334728033
2022-01-14,Senegal,Guinea,0,,,,51.0,5.0,1.0,3.0,1.0,,,,7.0,251.0,,,,25.0,,,,,2.0,,,64.9402390438247
2022-01-18,Senegal,Malawi,0,,,,78.0,10.0,3.0,6.0,1.0,,,,5.0,470.0,,,,11.0,,,,,0.0,,,83.40425531914893
2022-01-25,Senegal,Cape Verde,0,,,,36.0,2.0,1.0,1.0,0.0,,,,1.0,226.0,,,,14.0,,,,,2.0,,,65.929203539823
2022-01-30,Senegal,Equatorial Guinea,0,,,,56.0,7.0,2.0,3.0,2.0,,,,1.0,396.0,,,,19.0,,,,,2.0,,,82.07070707070707
2022-02-02,Senegal,Burkina Faso,0,,,,52.0,18.0,7.0,5.0,6.0,,,,5.0,359.0,,,,10.0,,,,,2.0,,,86.0724233983287
2022-02-06,Senegal,Egypt,0,,,,43.0,7.0,3.0,3.0,1.0,,,,4.0,404.0,,,,30.0,,,,,8.0,,,76.48514851485149
2022-03-25,Senegal,Egypt,0,,,,55.0,4.0,1.0,3.0,,,,,4.0,,,,,,,,,,1.0,,,
2022-03-29,Senegal,Egypt,0,,,,41.0,5.0,1.0,4.0,,,,,2.0,,,,,,,,,,9.0,,,
2022-06-04,Senegal,Benin,0,,,,39.0,6.0,2.0,4.0,0.0,,,,3.0,332.0,,,,17.0,,,,,7.0,,,82.2289156626506
2022-06-07,Senegal,Rwanda,0,,,,74.0,15.0,5.0,7.0,3.0,,,,5.0,511.0,,,,10.0,,,,,0.0,,,84.73581213307241
2022-07-13,Senegal,Eswatini,0,,,,49.0,11.0,4.0,7.0,,,,,0.0,,,,,,,,,,5.0,,,
2022-07-15,Senegal,Zambia,1,,,,47.0,10.0,6.0,4.0,,,,,4.0,,,,,,,,,,2.0,,,
2022-07-17,Senegal,Mozambique,0,,,,53.0,12.0,4.0,8.0,,,,,6.0,,,,,,,,,,2.0,,,
2022-11-21,Senegal,Netherlands,0,,,,53.0,9.0,3.0,5.0,1.0,,,,7.0,438.0,,,,13.0,,,,,3.0,,,85.38812785388129
2022-11-25,Senegal,Qatar,0,,,,55.0,12.0,4.0,6.0,2.0,,,,7.0,511.0,,,,12.0,,,,,1.0,,,87.08414872798434
2022-11-29,Senegal,Ecuador,0,,,,39.0,15.0,5.0,8.0,2.0,,,,6.0,269.0,,,,11.0,,,,,3.0,,,73.60594795539033
2022-12-04,Senegal,England,0,,,,39.0,10.0,2.0,6.0,2.0,,,,3.0,393.0,,,,12.0,,,,,1.0,,,81.42493638676844
2023-01-14,Senegal,Cote d Ivoire,0,,,,52.0,15.0,5.0,8.0,2.0,,,,8.0,353.0,,,,13.0,,,,,3.0,,,72.23796033994334
2023-01-18,Senegal,Uganda,1,,,,62.0,18.0,4.0,12.0,2.0,,,,5.0,410.0,,,,7.0,,,,,0.0,,,74.14634146341463
2023-01-22,Senegal,D R Congo,0,,,,49.0,10.0,4.0,5.0,1.0,,,,6.0,349.0,,,,10.0,,,,,2.0,,,65.32951289398281
2023-01-27,Senegal,Mauritania,0,,,,62.0,18.0,3.0,6.0,9.0,,,,8.0,341.0,,,,13.0,,,,,0.0,,,71.5542521994135
2023-01-31,Senegal,Madagascar,0,,,,57.0,7.0,0.0,4.0,3.0,,,,2.0,476.0,,,,17.0,,,,,4.0,,,75.63025210084034
2023-02-04,Senegal,Algeria,0,,,,48.0,13.0,1.0,9.0,3.0,,,,7.0,407.0,,,,19.0,,,,,3.0,,,72.97297297297297
2023-03-24,Senegal,Mozambique,0,,,,42.0,8.0,4.0,3.0,1.0,,,,2.0,393.0,,,,11.0,,,,,3.0,,,84.47837150127226
2023-03-28,Senegal,Mozambique,0,,,,55.0,12.0,5.0,6.0,1.0,,,,6.0,434.0,,,,14.0,,,,,2.0,,,77.64976958525345
2023-06-17,Senegal,Benin,0,,,,57.0,12.0,1.0,11.0,,,,,6.0,,,,,14.0,,,,,0.0,,,
2023-06-20,Senegal,Brazil,0,,,,37.0,13.0,7.0,4.0,2.0,,,,3.0,,,,,18.0,,,,,2.0,,,
2023-09-09,Senegal,Rwanda,0,,,,57.0,11.0,2.0,9.0,,,,,10.0,,,,,10.0,,,,,1.0,,,
2023-10-16,Senegal,Cameroon,0,,,,46.0,8.0,2.0,3.0,3.0,,,,5.0,,,,,10.0,,,,,2.0,,,
2023-11-18,Senegal,South Sudan,1,,,,67.0,25.0,10.0,12.0,3.0,,,,5.0,,,,,9.0,,,,,1.0,,,
2023-11-21,Senegal,Togo,1,,,,53.0,15.0,3.0,10.0,2.0,,,,1.0,,,,,12.0,,,,,3.0,,,
2024-01-15,Senegal,Gambia,0,0.98,,,31.0,12.0,2.0,10.0,,,,,4.0,,,,,14.0,,,,,3.0,,,
2024-01-19,Senegal,Cameroon,0,0.43,,,53.0,6.0,1.0,2.0,3.0,,,,9.0,376.0,,,,14.0,,,,4.0,0.0,,,81.38297872340425
2024-01-23,Senegal,Guinea,0,1.64,,,49.0,12.0,2.0,4.0,6.0,,,,6.0,371.0,,,,15.0,,,,8.0,1.0,,,80.86253369272237
2024-01-29,Senegal,Cote d Ivoire,0,1.21,,,57.0,8.0,4.0,2.0,2.0,,,,2.0,579.0,,,,26.0,,,,8.0,3.0,,,83.7651122625216
2024-03-22,Senegal,Gabon,0,,,,36.0,1.0,0.0,1.0,,,,,4.0,,,,,,,,,,0.0,,,
2024-03-26,Senegal,Benin,0,,,,32.0,2.0,1.0,1.0,,,,,2.0,,,,,,,,,,1.0,,,
2024-06-06,Senegal,D R Congo,0,,,,48.0,8.0,2.0,5.0,1.0,,,,6.0,,,,,8.0,,,,,4.0,,,
2024-06-09,Senegal,Mauritania,0,,,,70.0,5.0,5.0,0.0,0.0,,,,2.0,,,,,15.0,,,,,5.0,,,
2024-09-06,Senegal,Burkina Faso,0,,,,47.0,11.0,4.0,5.0,2.0,,,,5.0,391.0,,,,14.0,,,,9.0,1.0,,,80.81841432225065
2024-09-09,Senegal,Burundi,0,,,,68.0,24.0,8.0,4.0,12.0,,,,11.0,473.0,,,,12.0,,,,16.0,1.0,,,82.66384778012686
2024-10-11,Senegal,Malawi,0,,,,28.0,2.0,0.0,2.0,0.0,,,,0.0,270.0,,,,8.0,,,,17.0,3.0,,,65.92592592592592
2024-10-15,Senegal,Malawi,0,,,,74.0,30.0,8.0,17.0,5.0,,,,13.0,664.0,,,,7.0,,,,6.0,1.0,,,84.93975903614458
2024-11-14,Senegal,Burkina Faso,0,,,,66.0,23.0,6.0,7.0,10.0,,,,8.0,463.0,,,,17.0,,,,3.0,5.0,,,84.23326133909286
2024-11-19,Senegal,Burundi,0,,,,36.0,2.0,1.0,1.0,0.0,,,,1.0,316.0,,,,14.0,,,,7.0,9.0,,,73.41772151898735
2025-03-22,Senegal,Sudan,1,,,,34.0,7.0,3.0,4.0,,,,,3.0,,,,,12.0,,,,,4.0,,,
2025-03-25,Senegal,Togo,1,,,,57.0,7.0,4.0,3.0,,,,,4.0,,,,,,,,,,6.0,,,
2025-06-06,Senegal,Ireland,0,,,,57.0,12.0,3.0,7.0,2.0,,,,5.0,514.0,,,,13.0,,,22.0,,2.0,,,90.6614785992218
2025-06-10,Senegal,England,0,1.86,2.82,1.22,39.0,11.0,9.0,2.0,0.0,7.0,4.0,3.0,3.0,354.0,40.0,83.0,13.0,18.0,14.0,38.0,23.0,7.0,3.0,1.8,0.8,88.70056497175142
2025-08-05,Senegal,Nigeria,0,0.14,0.01,0.41,58.0,6.0,1.0,2.0,3.0,3.0,3.0,0.0,2.0,396.0,74.0,95.0,16.0,17.0,17.0,51.0,24.0,5.0,1.0,0.99,-0.01,75.25252525252525
2025-08-12,Senegal,Congo,0,0.64,0.73,0.35,36.0,8.0,3.0,4.0,1.0,4.0,4.0,1.0,4.0,243.0,61.0,84.0,19.0,27.0,18.0,65.0,46.0,13.0,3.0,0.93,-0.07,64.60905349794238
2025-08-19,Senegal,Sudan,1,0.42,0.01,0.07,37.0,5.0,1.0,3.0,1.0,4.0,1.0,1.0,2.0,241.0,63.0,77.0,9.0,18.0,16.0,44.0,27.0,12.0,1.0,0.07,0.07,63.07053941908713
2025-08-23,Senegal,Uganda,1,1.21,0.59,0.87,58.0,16.0,5.0,4.0,7.0,9.0,7.0,2.0,9.0,387.0,67.0,120.0,28.0,16.0,12.0,36.0,15.0,12.0,2.0,0.55,-0.45,74.93540051679587
2025-08-26,Senegal,Morocco,0,1.03,1.95,0.75,39.0,12.0,4.0,5.0,3.0,5.0,7.0,1.0,9.0,356.0,72.0,81.0,21.0,22.0,16.0,47.0,41.0,10.0,3.0,0.93,-0.07,76.96629213483146
2025-08-29,Senegal,Sudan,1,1.01,1.05,0.38,35.0,10.0,3.0,4.0,3.0,5.0,5.0,2.0,4.0,206.0,59.0,58.0,10.0,16.0,19.0,42.0,30.0,12.0,5.0,0.84,-0.16,62.13592233009708
2025-09-05,Senegal,Sudan,1,,,,56.0,9.0,5.0,4.0,,,,,4.0,,,,,18.0,,,,,1.0,,,
2025-09-09,Senegal,D R Congo,0,,,,52.0,11.0,6.0,5.0,,,,,7.0,,,,,13.0,,,,,2.0,,,
2025-10-10,Senegal,South Sudan,1,,,,32.0,0.0,0.0,0.0,,,,,0.0,,,,,9.0,,,,,,,,
2025-10-14,Senegal,Mauritania,0,,,,40.0,8.0,4.0,4.0,,,,,3.0,,,,,,,,,,,,,
2025-11-15,Senegal,Brazil,0,0.8,0.04,0.85,53.0,11.0,1.0,6.0,4.0,7.0,4.0,0.0,7.0,380.0,32.0,110.0,15.0,14.0,17.0,51.0,13.0,6.0,4.0,2.17,0.17,85.52631578947368
2025-12-23,Senegal,Botswana,0,0.17,0.0,0.22,32.0,4.0,0.0,3.0,1.0,1.0,3.0,0.0,2.0,309.0,66.0,64.0,8.0,7.0,16.0,50.0,29.0,4.0,14.0,3.72,0.72,76.69902912621359
2025-12-27,Senegal,D R Congo,0,0.95,1.5,0.49,36.0,7.0,3.0,3.0,1.0,5.0,2.0,1.0,2.0,281.0,52.0,72.0,13.0,12.0,17.0,50.0,34.0,8.0,2.0,1.53,0.53,77.58007117437722
2025-12-30,Senegal,Benin,0,1.94,2.93,1.35,51.0,10.0,6.0,4.0,0.0,7.0,3.0,4.0,4.0,414.0,42.0,104.0,13.0,19.0,14.0,59.0,24.0,10.0,4.0,0.62,0.62,84.78260869565217
2026-06-16,Senegal,France,0,0.53,0.17,0.19,47.0,6.0,2.0,3.0,1.0,4.0,2.0,2.0,4.0,502.0,48.0,102.0,9.0,9.0,14.0,35.0,17.0,8.0,5.0,2.06,-0.94,85.65737051792829
2022-06-02,Serbia,Norway,0,,,,34.0,4.0,2.0,2.0,0.0,,,,0.0,317.0,,,,8.0,,,,,5.0,,,71.60883280757098
2022-09-27,Serbia,Norway,0,,,,51.0,8.0,5.0,2.0,1.0,,,,3.0,525.0,,,,10.0,,,,,3.0,,,83.61904761904762
2022-03-25,Slovakia,Norway,0,,,,49.0,4.0,2.0,2.0,0.0,,,,2.0,450.0,,,,17.0,,,,,8.0,,,84.66666666666667
2024-03-26,Slovakia,Norway,0,1.82,,,41.0,11.0,2.0,8.0,1.0,,,,3.0,393.0,,,,13.0,,,,,4.0,,,82.69720101781171
2022-06-09,Slovenia,Norway,0,,,,44.0,8.0,3.0,3.0,2.0,,,,1.0,401.0,,,,7.0,,,,,5.0,,,80.54862842892769
2022-09-24,Slovenia,Norway,0,,,,58.0,13.0,5.0,6.0,2.0,,,,7.0,471.0,,,,16.0,,,,,3.0,,,82.80254777070064
2024-10-10,Slovenia,Norway,0,0.79,,,47.0,11.0,2.0,7.0,2.0,,,,4.0,417.0,,,,11.0,,,,9.0,11.0,,,78.65707434052757
2024-11-14,Slovenia,Norway,0,1.6,,,57.0,14.0,7.0,4.0,3.0,9.0,5.0,4.0,3.0,592.0,,111.0,12.0,11.0,12.0,,11.0,7.0,2.0,,,86.14864864864865
2021-07-18,South Africa,Senegal,0,,,,55.0,17.0,8.0,9.0,,,,,6.0,,,,,,,,,,9.0,,,
2022-03-29,South Africa,France,0,,,,41.0,3.0,1.0,2.0,0.0,,,,0.0,443.0,,,,11.0,,,,,11.0,,,84.42437923250564
2021-09-02,South Korea,Iraq,0,,,,32.0,2.0,0.0,2.0,0.0,,,,5.0,255.0,,,,16.0,,,,,5.0,,,67.45098039215686
2021-11-16,South Korea,Iraq,0,,,,66.0,9.0,7.0,1.0,1.0,,,,3.0,688.0,,,,12.0,,,,,2.0,,,88.95348837209302
2024-10-15,South Korea,Iraq,0,,,,24.0,8.0,2.0,4.0,2.0,,,,4.0,226.0,,,,7.0,,,,5.0,0.0,,,66.3716814159292
2025-06-05,South Korea,Iraq,0,2.08,1.91,1.83,76.0,13.0,7.0,4.0,2.0,8.0,5.0,4.0,10.0,698.0,55.0,197.0,20.0,12.0,12.0,52.0,9.0,9.0,2.0,0.2,0.2,87.67908309455588
2023-11-18,South Sudan,Senegal,0,,,,33.0,6.0,1.0,3.0,2.0,,,,0.0,,,,,6.0,,,,,6.0,,,
2025-10-10,South Sudan,Senegal,0,,,,68.0,5.0,5.0,0.0,,,,,5.0,,,,,9.0,,,,,,,,
2021-10-10,Spain,France,0,,,,40.0,12.0,5.0,4.0,3.0,,,,5.0,369.0,,,,14.0,,,,,3.0,,,79.13279132791328
2023-03-25,Spain,Norway,0,0.69,,,36.0,6.0,1.0,3.0,2.0,,,,6.0,381.0,,,,13.0,,,,,4.0,,,87.13910761154857
2023-10-15,Spain,Norway,0,0.51,,,64.0,12.0,2.0,8.0,2.0,,,,1.0,743.0,,,,9.0,,,,,3.0,,,90.71332436069987
2024-07-09,Spain,France,0,1.09,,,42.0,9.0,3.0,4.0,2.0,,,,6.0,358.0,,,,14.0,,,,,0.0,,,84.63687150837988
2025-06-05,Spain,France,0,2.78,2.91,1.34,57.0,24.0,9.0,8.0,7.0,17.0,7.0,4.0,6.0,502.0,27.0,176.0,15.0,14.0,13.0,48.0,14.0,10.0,3.0,3.27,-1.73,90.0398406374502
2025-03-22,Sudan,Senegal,0,,,,66.0,19.0,4.0,15.0,,,,,11.0,,,,,9.0,,,,,3.0,,,
2025-08-19,Sudan,Senegal,0,0.51,0.07,0.38,63.0,8.0,1.0,3.0,4.0,4.0,4.0,0.0,3.0,418.0,62.0,88.0,17.0,14.0,10.0,55.0,22.0,3.0,1.0,0.01,0.01,78.22966507177034
2025-08-29,Sudan,Senegal,0,0.57,0.84,0.44,65.0,15.0,6.0,7.0,2.0,7.0,8.0,1.0,5.0,388.0,51.0,84.0,17.0,7.0,9.0,55.0,18.0,5.0,2.0,1.05,0.05,79.12371134020619
2025-09-05,Sudan,Senegal,0,,,,44.0,6.0,1.0,5.0,,,,,5.0,,,,,13.0,,,,,3.0,,,
2025-12-06,Sudan,Iraq,0,0.7,1.41,0.41,51.0,10.0,4.0,6.0,0.0,7.0,3.0,1.0,3.0,366.0,73.0,116.0,10.0,11.0,13.0,62.0,26.0,13.0,1.0,0.01,0.01,75.40983606557377
2022-06-05,Sweden,Norway,0,,,,38.0,12.0,8.0,4.0,0.0,,,,4.0,295.0,,,,12.0,,,,,2.0,,,76.27118644067797
2022-06-12,Sweden,Norway,0,,,,46.0,14.0,4.0,5.0,5.0,,,,5.0,400.0,,,,8.0,,,,,2.0,,,82.25
2021-06-28,Switzerland,France,0,,,,47.0,13.0,5.0,6.0,2.0,,,,5.0,569.0,,,,13.0,,,,,5.0,,,86.11599297012302
2021-11-11,Syria,Iraq,0,,,,49.0,8.0,3.0,3.0,2.0,,,,2.0,400.0,,,,10.0,,,,,4.0,,,76.5
2022-03-29,Syria,Iraq,0,,,,61.0,25.0,6.0,17.0,2.0,,,,9.0,392.0,,,,10.0,,,,,0.0,,,76.53061224489795
2021-09-01,Togo,Senegal,0,,,,38.0,3.0,1.0,2.0,,,,,1.0,,,,,17.0,,,,,6.0,,,
2021-11-11,Togo,Senegal,0,,,,47.0,17.0,6.0,11.0,,,,,3.0,,,,,,,,,,3.0,,,
2023-11-21,Togo,Senegal,0,,,,47.0,9.0,3.0,3.0,3.0,,,,5.0,,,,,14.0,,,,,3.0,,,
2025-03-25,Togo,Senegal,0,,,,43.0,9.0,6.0,3.0,,,,,2.0,,,,,,,,,,2.0,,,
2022-11-30,Tunisia,France,0,,,,66.0,9.0,3.0,4.0,2.0,,,,8.0,636.0,,,,6.0,,,,,2.0,,,88.9937106918239
2021-03-27,Turkey,Norway,0,,,,42.0,10.0,3.0,4.0,3.0,,,,3.0,438.0,,,,13.0,,,,,1.0,,,82.64840182648402
2021-10-08,Turkey,Norway,0,,,,48.0,12.0,2.0,6.0,4.0,,,,5.0,442.0,,,,8.0,,,,,1.0,,,80.99547511312217
2023-01-18,Uganda,Senegal,0,,,,38.0,6.0,1.0,3.0,2.0,,,,3.0,258.0,,,,17.0,,,,,4.0,,,54.65116279069767
2025-08-23,Uganda,Senegal,0,0.23,0.55,0.28,42.0,7.0,3.0,3.0,1.0,4.0,3.0,0.0,5.0,280.0,70.0,75.0,14.0,7.0,15.0,56.0,29.0,9.0,5.0,0.59,0.59,69.28571428571428
2021-03-24,Ukraine,France,0,,,,38.0,5.0,1.0,4.0,0.0,,,,0.0,478.0,,,,3.0,,,,,2.0,,,84.10041841004184
2021-09-04,Ukraine,France,0,,,,58.0,15.0,5.0,7.0,3.0,,,,3.0,674.0,,,,6.0,,,,,2.0,,,92.13649851632047
2025-09-05,Ukraine,France,0,2.42,2.94,1.79,56.0,16.0,6.0,6.0,4.0,9.0,7.0,5.0,4.0,538.0,45.0,184.0,9.0,8.0,19.0,45.0,15.0,7.0,2.0,0.33,0.33,88.66171003717473
2025-11-13,Ukraine,France,0,0.04,0.0,0.08,29.0,1.0,0.0,0.0,1.0,1.0,0.0,0.0,0.0,299.0,54.0,40.0,1.0,10.0,19.0,38.0,23.0,11.0,6.0,4.43,0.43,74.24749163879598
2021-01-12,United Arab Emirates,Iraq,0,,,,42.0,3.0,0.0,3.0,0.0,,,,1.0,,,,,19.0,,,,,3.0,,,
2021-10-12,United Arab Emirates,Iraq,0,,,,35.0,18.0,3.0,10.0,5.0,,,,4.0,316.0,,,,13.0,,,,,2.0,,,75.9493670886076
2022-03-24,United Arab Emirates,Iraq,0,,,,61.0,5.0,3.0,1.0,1.0,,,,3.0,455.0,,,,12.0,,,,,0.0,,,80.21978021978022
2025-11-13,United Arab Emirates,Iraq,0,0.58,0.89,0.43,49.0,10.0,5.0,2.0,3.0,6.0,4.0,3.0,7.0,352.0,67.0,90.0,19.0,11.0,8.0,35.0,24.0,4.0,3.0,0.57,-0.43,80.68181818181817
2025-11-18,United Arab Emirates,Iraq,0,1.03,1.21,0.81,50.0,13.0,4.0,7.0,2.0,9.0,4.0,2.0,3.0,364.0,50.0,94.0,13.0,12.0,13.0,49.0,28.0,7.0,0.0,0.93,-1.07,79.3956043956044
2021-03-29,Uzbekistan,Iraq,0,,,,39.0,7.0,3.0,4.0,,,,,2.0,,,,,14.0,,,,,5.0,,,
2023-11-21,Vietnam,Iraq,0,,,,56.0,15.0,7.0,8.0,,,,,3.0,,,,,13.0,,,,,0.0,,,
2024-01-24,Vietnam,Iraq,0,0.59,,,37.0,4.0,4.0,0.0,0.0,,,,1.0,327.0,,,,20.0,,,,9.0,1.0,,,76.14678899082568
2024-06-11,Vietnam,Iraq,0,,,,39.0,7.0,4.0,3.0,,,,,2.0,,,,,11.0,,,,,6.0,,,
2021-06-02,Wales,France,0,,,,30.0,10.0,2.0,4.0,4.0,,,,2.0,268.0,,,,2.0,,,,,9.0,,,82.46268656716418
2024-12-22,Yemen,Iraq,0,,,,24.0,5.0,0.0,5.0,,,,,0.0,,,,,7.0,,,,,3.0,,,
2021-06-05,Zambia,Senegal,0,,,,48.0,8.0,1.0,7.0,0.0,,,,4.0,,,,,19.0,,,,,0.0,,,
2022-07-15,Zambia,Senegal,0,,,,53.0,13.0,5.0,8.0,,,,,6.0,,,,,,,,,,2.0,,,
2021-07-13,Zimbabwe,Senegal,0,,,,56.0,5.0,2.0,3.0,,,,,2.0,,,,,,,,,,3.0,,,
2022-01-10,Zimbabwe,Senegal,0,,,,39.0,11.0,2.0,5.0,4.0,,,,4.0,307.0,,,,12.0,,,,,2.0,,,76.2214983713355
2026-06-23,Norway,Senegal,1,2.19,1.95,1.57,42.0,13.0,7.0,3.0,5.0,11.0,2.0,5.0,5.0,353.0,51.0,99.0,10.0,5.0,10.0,39.0,26.0,8.0,2.0,1.35,-0.65,80.0
2026-06-23,Senegal,Norway,0,1.71,1.35,1.75,58.0,16.0,4.0,7.0,3.0,10.0,6.0,3.0,4.0,489.0,58.0,166.0,23.0,13.0,16.0,57.0,18.0,10.0,3.0,1.95,-1.05,88.0
2026-06-22,France,Iraq,1,2.67,2.27,1.95,56.0,19.0,5.0,10.0,4.0,12.0,7.0,5.0,4.0,603.0,30.0,243.0,14.0,8.0,9.0,40.0,9.0,5.0,0.0,0.0,0.0,90.0
2026-06-22,Iraq,France,0,0.62,0.0,0.65,44.0,4.0,0.0,3.0,1.0,3.0,1.0,1.0,2.0,481.0,51.0,53.0,9.0,4.0,16.0,38.0,28.0,10.0,1.0,2.27,0.0,86.0
2026-06-15,Cote d Ivoire,Ecuador,1,1.52,1.22,,48,15,4,,,,,2,3,470,,,,,,,,,,0.03,0.03,84
2026-06-15,Ecuador,Cote d Ivoire,0,1.02,0.03,,52,12,1,,,,,1,5,492,,,,,,,,,,1.22,0.22,85
2026-06-20,Germany,Cote d Ivoire,1,1.89,2.36,,59,16,7,,,,,5,8,624,,,,,,,,,,1.1,0.1,89
2026-06-20,Cote d Ivoire,Germany,0,1.22,1.1,,41,9,2,,,,,2,3,431,,,,,,,,,,2.36,0.36,85
2026-06-25,Curacao,Cote d Ivoire,1,0.5,0.06,,37,11,2,,,,,0,4,355,,,,,,,,,,1.85,-0.15,83
2026-06-25,Cote d Ivoire,Curacao,0,1.31,1.85,,63,7,3,,,,,3,6,624,,,,,,,,,,0.06,0.06,89
2026-06-26,Norway,France,1,1.7,1.41,,43,10,4,,,,,4,4,421,,,,,,,,,,3.0,-1.0,81
2026-06-26,France,Norway,0,1.5,3.0,,57,18,9,,,,,3,5,555,,,,,,,,,,1.41,0.41,86
2026-06-30,Cote d Ivoire,Norway,1,1.49,1.40,1.63,47,14,5,9,0,10,4,3,14,401,17,101,7,6,18,50,11,4,1,2.02,0.02,85
2026-06-30,Norway,Cote d Ivoire,0,1.91,2.02,2.58,53,9,4,2,3,8,1,4,3,474,16,106,5,7,11,41,37,5,4,1.40,0.40,88
